{"type": "FeatureCollection", "features": [{"type": "Feature", "id": "united states", "properties": {"preset_id": "united states", "name": "United States"}, "geometry": {"type": "MultiPolygon", "coordinates": [[[[-122.84, 49.0], [-95.15907, 49.0], [-95.15609, 49.38425], [-94.81758, 49.38905], [-94.64, 48.84], [-94.32914, 48.67074], [-92.61, 48.45], [-91.64, 48.14], [-90.83, 48.27], [-89.272917, 48.019808], [-88.378114, 48.302918], [-84.87608, 46.900083], [-84.779238, 46.637102], [-84.543749, 46.538684], [-84.6049, 46.4396], [-84.14212, 46.512226], [-83.890765, 46.116927], [-83.469551, 45.994686], [-83.592851, 45.816894], [-82.550925, 45.347517], [-82.137642, 43.571088], [-83.12, 42.08], [-83.02981, 41.832796], [-82.690089, 41.675105], [-78.939362, 42.863611], [-79.171674, 43.466339], [-78.72028, 43.625089], [-76.820034, 43.628784], [-76.5, 44.018459], [-74.867, 45.00048], [-71.50506, 45.0082], [-71.405, 45.255], [-70.66, 45.46], [-69.99997, 46.69307], [-69.237216, 47.447781], [-68.905, 47.185], [-68.23444, 47.35486], [-67.79046, 47.06636], [-67.79134, 45.70281], [-66.96466, 44.8097], [-70.11617, 43.68405], [-70.81489, 42.8653], [-70.825, 42.335], [-70.495, 41.805], [-70.08, 41.78], [-70.185, 42.145], [-69.88497, 41.92283], [-69.96503, 41.63717], [-72.87643, 41.22065], [-73.71, 40.931102], [-72.24126, 41.11948], [-71.945, 40.93], [-73.345, 40.63], [-73.982, 40.628], [-73.952325, 40.75075], [-74.25671, 40.47351], [-73.96244, 40.42763], [-74.17838, 39.70926], [-74.90604, 38.93954], [-74.98041, 39.1964], [-75.52805, 39.4985], [-75.32, 38.96], [-75.071835, 38.782032], [-75.05673, 38.40412], [-75.94023, 37.21689], [-75.72205, 37.93705], [-76.23287, 38.319215], [-76.35, 39.15], [-76.542725, 38.717615], [-76.32933, 38.08326], [-76.989998, 38.239992], [-76.30162, 37.917945], [-76.25874, 36.9664], [-75.9718, 36.89726], [-75.72749, 35.55074], [-76.36318, 34.80854], [-77.397635, 34.51201], [-78.05496, 33.92547], [-78.55435, 33.86133], [-79.06067, 33.49395], [-79.20357, 33.15839], [-80.301325, 32.509355], [-81.33629, 31.44049], [-81.49042, 30.72999], [-81.31371, 30.03552], [-80.535585, 28.47213], [-80.53, 28.04], [-80.056539, 26.88], [-80.13156, 25.816775], [-80.38103, 25.20616], [-80.68, 25.08], [-81.17213, 25.20126], [-81.33, 25.64], [-81.71, 25.87], [-82.85526, 27.88624], [-82.65, 28.55], [-82.93, 29.1], [-83.70959, 29.93656], [-84.1, 30.09], [-85.10882, 29.63615], [-85.7731, 30.15261], [-86.4, 30.4], [-87.53036, 30.27433], [-88.41782, 30.3849], [-89.593831, 30.159994], [-89.413735, 29.89419], [-89.43, 29.48864], [-89.21767, 29.29108], [-89.40823, 29.15961], [-89.77928, 29.30714], [-90.15463, 29.11743], [-90.880225, 29.148535], [-91.626785, 29.677], [-92.49906, 29.5523], [-93.22637, 29.78375], [-94.69, 29.48], [-95.60026, 28.73863], [-96.59404, 28.30748], [-97.14, 27.83], [-97.37, 27.38], [-97.38, 26.69], [-97.14, 25.87], [-97.53, 25.84], [-99.02, 26.37], [-99.52, 27.54], [-100.11, 28.11], [-100.9576, 29.38071], [-101.6624, 29.7793], [-102.48, 29.76], [-103.11, 28.97], [-103.94, 29.27], [-104.45697, 29.57196], [-105.03737, 30.64402], [-106.50759, 31.75452], [-108.24, 31.754854], [-108.24194, 31.34222], [-111.02361, 31.33472], [-114.815, 32.52528], [-114.72139, 32.72083], [-117.12776, 32.53534], [-117.295938, 33.046225], [-117.944, 33.621236], [-118.410602, 33.740909], [-118.519895, 34.027782], [-119.081, 34.078], [-119.438841, 34.348477], [-120.36778, 34.44711], [-120.62286, 34.60855], [-120.74433, 35.15686], [-121.71457, 36.16153], [-122.54747, 37.55176], [-122.51201, 37.78339], [-123.7272, 38.95166], [-123.86517, 39.76699], [-124.39807, 40.3132], [-124.17886, 41.14202], [-124.2137, 41.99964], [-124.53284, 42.76599], [-124.14214, 43.70838], [-123.89893, 45.52341], [-124.079635, 46.86475], [-124.68721, 48.184433], [-124.566101, 48.379715], [-123.12, 48.04], [-122.58736, 47.096], [-122.34, 47.36], [-122.84, 49.0]]], [[[-155.40214, 20.07975], [-154.80741, 19.50871], [-155.68817, 18.91619], [-155.93665, 19.05939], [-156.07347, 19.70294], [-155.85008, 19.97729], [-155.86108, 20.26721], [-155.40214, 20.07975]]], [[[-155.99566, 20.76404], [-156.41445, 20.57241], [-156.71055, 20.92676], [-156.61258, 21.01249], [-155.99566, 20.76404]]], [[[-156.75824, 21.17684], [-156.78933, 21.06873], [-157.32521, 21.09777], [-157.25027, 21.21958], [-156.75824, 21.17684]]], [[[-158.0252, 21.71696], [-157.65283, 21.32217], [-157.70703, 21.26442], [-158.12667, 21.31244], [-158.29265, 21.57912], [-158.0252, 21.71696]]], [[[-159.36569, 22.21494], [-159.46372, 21.88299], [-159.80051, 22.06533], [-159.5962, 22.23618], [-159.36569, 22.21494]]], [[[-166.467792, 60.38417], [-165.67443, 60.293607], [-165.579164, 59.909987], [-166.19277, 59.754441], [-167.455277, 60.213069], [-166.467792, 60.38417]]], [[[-153.228729, 57.968968], [-152.564791, 57.901427], [-152.141147, 57.591059], [-154.00509, 56.734677], [-154.516403, 56.992749], [-154.670993, 57.461196], [-153.228729, 57.968968]]], [[[-140.985988, 69.711998], [-140.99778, 60.30639], [-140.013, 60.27682], [-139.039, 60.0], [-137.4525, 58.905], [-136.47972, 59.46389], [-135.47583, 59.78778], [-134.945, 59.27056], [-133.35556, 58.41028], [-131.70781, 56.55212], [-130.00778, 55.91583], [-129.98, 55.285], [-130.53611, 54.802753], [-131.967211, 55.497776], [-132.250011, 56.369996], [-133.539181, 57.178887], [-134.078063, 58.123068], [-136.628062, 58.212209], [-137.800006, 58.499995], [-139.867787, 59.537762], [-142.574444, 60.084447], [-143.958881, 59.99918], [-147.114374, 60.884656], [-148.224306, 60.672989], [-148.018066, 59.978329], [-149.727858, 59.705658], [-151.716393, 59.155821], [-151.859433, 59.744984], [-151.409719, 60.725803], [-150.346941, 61.033588], [-150.621111, 61.284425], [-151.895839, 60.727198], [-152.57833, 60.061657], [-154.019172, 59.350279], [-153.287511, 58.864728], [-154.232492, 58.146374], [-156.308335, 57.422774], [-156.556097, 56.979985], [-158.117217, 56.463608], [-158.433321, 55.994154], [-159.603327, 55.566686], [-160.28972, 55.643581], [-163.069447, 54.689737], [-164.785569, 54.404173], [-164.942226, 54.572225], [-161.804175, 55.894986], [-160.563605, 56.008055], [-160.07056, 56.418055], [-158.684443, 57.016675], [-157.72277, 57.570001], [-157.550274, 58.328326], [-157.041675, 58.918885], [-158.194731, 58.615802], [-158.517218, 58.787781], [-159.058606, 58.424186], [-159.711667, 58.93139], [-159.981289, 58.572549], [-160.355271, 59.071123], [-161.355003, 58.670838], [-161.968894, 58.671665], [-162.054987, 59.266925], [-161.874171, 59.633621], [-162.518059, 59.989724], [-163.818341, 59.798056], [-165.346388, 60.507496], [-165.350832, 61.073895], [-166.121379, 61.500019], [-165.734452, 62.074997], [-164.919179, 62.633076], [-164.562508, 63.146378], [-163.753332, 63.219449], [-163.067224, 63.059459], [-162.260555, 63.541936], [-161.53445, 63.455817], [-160.772507, 63.766108], [-160.958335, 64.222799], [-161.518068, 64.402788], [-160.777778, 64.788604], [-162.45305, 64.559445], [-162.757786, 64.338605], [-163.546394, 64.55916], [-164.96083, 64.446945], [-166.425288, 64.686672], [-166.845004, 65.088896], [-168.11056, 65.669997], [-164.47471, 66.57666], [-163.652512, 66.57666], [-163.788602, 66.077207], [-161.677774, 66.11612], [-162.489715, 66.735565], [-163.719717, 67.116395], [-165.390287, 68.042772], [-166.764441, 68.358877], [-166.204707, 68.883031], [-164.430811, 68.915535], [-163.168614, 69.371115], [-162.930566, 69.858062], [-161.908897, 70.33333], [-159.039176, 70.891642], [-158.119723, 70.824721], [-156.580825, 71.357764], [-155.06779, 71.147776], [-154.344165, 70.696409], [-153.900006, 70.889989], [-152.210006, 70.829992], [-152.270002, 70.600006], [-150.739992, 70.430017], [-149.720003, 70.53001], [-144.920011, 69.989992], [-143.589446, 70.152514], [-140.985988, 69.711998]]], [[[-171.731657, 63.782515], [-171.114434, 63.592191], [-170.491112, 63.694975], [-168.689439, 63.297506], [-169.52944, 62.976931], [-170.671386, 63.375822], [-171.553063, 63.317789], [-171.791111, 63.405846], [-171.731657, 63.782515]]]]}}, {"type": "Feature", "id": "conus", "properties": {"preset_id": "conus", "name": "Continental US"}, "geometry": {"type": "Polygon", "coordinates": [[[-122.84, 49.0], [-95.15907, 49.0], [-95.15609, 49.38425], [-94.81758, 49.38905], [-94.64, 48.84], [-94.32914, 48.67074], [-92.61, 48.45], [-91.64, 48.14], [-90.83, 48.27], [-89.272917, 48.019808], [-88.378114, 48.302918], [-84.87608, 46.900083], [-84.779238, 46.637102], [-84.543749, 46.538684], [-84.6049, 46.4396], [-84.14212, 46.512226], [-83.890765, 46.116927], [-83.469551, 45.994686], [-83.592851, 45.816894], [-82.550925, 45.347517], [-82.137642, 43.571088], [-83.12, 42.08], [-83.02981, 41.832796], [-82.690089, 41.675105], [-78.939362, 42.863611], [-79.171674, 43.466339], [-78.72028, 43.625089], [-76.820034, 43.628784], [-76.5, 44.018459], [-74.867, 45.00048], [-71.50506, 45.0082], [-71.405, 45.255], [-70.66, 45.46], [-69.99997, 46.69307], [-69.237216, 47.447781], [-68.905, 47.185], [-68.23444, 47.35486], [-67.79046, 47.06636], [-67.79134, 45.70281], [-66.96466, 44.8097], [-70.11617, 43.68405], [-70.81489, 42.8653], [-70.825, 42.335], [-70.495, 41.805], [-70.08, 41.78], [-70.185, 42.145], [-69.88497, 41.92283], [-69.96503, 41.63717], [-72.87643, 41.22065], [-73.71, 40.931102], [-72.24126, 41.11948], [-71.945, 40.93], [-73.345, 40.63], [-73.982, 40.628], [-73.952325, 40.75075], [-74.25671, 40.47351], [-73.96244, 40.42763], [-74.17838, 39.70926], [-74.90604, 38.93954], [-74.98041, 39.1964], [-75.52805, 39.4985], [-75.32, 38.96], [-75.071835, 38.782032], [-75.05673, 38.40412], [-75.94023, 37.21689], [-75.72205, 37.93705], [-76.23287, 38.319215], [-76.35, 39.15], [-76.542725, 38.717615], [-76.32933, 38.08326], [-76.989998, 38.239992], [-76.30162, 37.917945], [-76.25874, 36.9664], [-75.9718, 36.89726], [-75.72749, 35.55074], [-76.36318, 34.80854], [-77.397635, 34.51201], [-78.05496, 33.92547], [-78.55435, 33.86133], [-79.06067, 33.49395], [-79.20357, 33.15839], [-80.301325, 32.509355], [-81.33629, 31.44049], [-81.49042, 30.72999], [-81.31371, 30.03552], [-80.535585, 28.47213], [-80.53, 28.04], [-80.056539, 26.88], [-80.13156, 25.816775], [-80.38103, 25.20616], [-80.68, 25.08], [-81.17213, 25.20126], [-81.33, 25.64], [-81.71, 25.87], [-82.85526, 27.88624], [-82.65, 28.55], [-82.93, 29.1], [-83.70959, 29.93656], [-84.1, 30.09], [-85.10882, 29.63615], [-85.7731, 30.15261], [-86.4, 30.4], [-87.53036, 30.27433], [-88.41782, 30.3849], [-89.593831, 30.159994], [-89.413735, 29.89419], [-89.43, 29.48864], [-89.21767, 29.29108], [-89.40823, 29.15961], [-89.77928, 29.30714], [-90.15463, 29.11743], [-90.880225, 29.148535], [-91.626785, 29.677], [-92.49906, 29.5523], [-93.22637, 29.78375], [-94.69, 29.48], [-95.60026, 28.73863], [-96.59404, 28.30748], [-97.14, 27.83], [-97.37, 27.38], [-97.38, 26.69], [-97.14, 25.87], [-97.53, 25.84], [-99.02, 26.37], [-99.52, 27.54], [-100.11, 28.11], [-100.9576, 29.38071], [-101.6624, 29.7793], [-102.48, 29.76], [-103.11, 28.97], [-103.94, 29.27], [-104.45697, 29.57196], [-105.03737, 30.64402], [-106.50759, 31.75452], [-108.24, 31.754854], [-108.24194, 31.34222], [-111.02361, 31.33472], [-114.815, 32.52528], [-114.72139, 32.72083], [-117.12776, 32.53534], [-117.295938, 33.046225], [-117.944, 33.621236], [-118.410602, 33.740909], [-118.519895, 34.027782], [-119.081, 34.078], [-119.438841, 34.348477], [-120.36778, 34.44711], [-120.62286, 34.60855], [-120.74433, 35.15686], [-121.71457, 36.16153], [-122.54747, 37.55176], [-122.51201, 37.78339], [-123.7272, 38.95166], [-123.86517, 39.76699], [-124.39807, 40.3132], [-124.17886, 41.14202], [-124.2137, 41.99964], [-124.53284, 42.76599], [-124.14214, 43.70838], [-123.89893, 45.52341], [-124.079635, 46.86475], [-124.68721, 48.184433], [-124.566101, 48.379715], [-123.12, 48.04], [-122.58736, 47.096], [-122.34, 47.36], [-122.84, 49.0]]]}}, {"type": "Feature", "id": "north america", "properties": {"preset_id": "north america", "name": "North America"}, "geometry": {"type": "MultiPolygon", "coordinates": [[[[-154.80741, 19.50871], [-155.93665, 19.05939], [-155.86108, 20.26721], [-154.80741, 19.50871]]], [[[-156.61258, 21.01249], [-156.25711, 20.91745], [-155.99566, 20.76404], [-156.41445, 20.57241], [-156.61258, 21.01249]]], [[[-156.78933, 21.06873], [-157.25027, 21.21958], [-156.75824, 21.17684], [-156.78933, 21.06873]]], [[[-158.12667, 21.31244], [-158.0252, 21.71696], [-157.65283, 21.32217], [-158.12667, 21.31244]]], [[[-159.36569, 22.21494], [-159.46372, 21.88299], [-159.80051, 22.06533], [-159.5962, 22.23618], [-159.36569, 22.21494]]], [[[-97.140008, 25.869997], [-97.872367, 22.444212], [-97.189333, 20.635433], [-95.900885, 18.828024], [-94.839063, 18.562717], [-94.42573, 18.144371], [-91.407903, 18.876083], [-90.77187, 19.28412], [-90.278618, 20.999855], [-87.05189, 21.543543], [-86.845908, 20.849865], [-87.621054, 19.646553], [-87.43675, 19.472403], [-87.837191, 18.259816], [-88.300031, 18.499982], [-88.355428, 16.530774], [-88.930613, 15.887273], [-88.121153, 15.688655], [-84.983722, 15.995923], [-83.410381, 15.270903], [-83.182126, 14.310703], [-83.85547, 11.373311], [-83.40232, 10.395438], [-82.207586, 8.995575], [-81.439287, 8.786234], [-79.573303, 9.61161], [-78.055928, 9.24773], [-77.353361, 8.670505], [-77.431108, 7.638061], [-77.753414, 7.70984], [-77.881571, 7.223771], [-78.429161, 8.052041], [-78.182096, 8.319182], [-79.120307, 8.996092], [-80.382659, 8.298409], [-80.00369, 7.547524], [-80.886401, 7.220541], [-81.059543, 7.817921], [-81.519515, 7.70661], [-81.721311, 8.108963], [-82.820081, 8.290864], [-82.850958, 8.073823], [-83.508437, 8.446927], [-83.632642, 9.051386], [-84.97566, 10.086723], [-85.110923, 9.55704], [-85.660787, 9.933347], [-85.659314, 10.754331], [-85.941725, 10.895278], [-85.71254, 11.088445], [-87.668493, 12.90991], [-87.316654, 12.984686], [-87.489409, 13.297535], [-88.483302, 13.163951], [-91.23241, 13.927832], [-93.359464, 15.61543], [-94.691656, 16.200975], [-96.557434, 15.653515], [-100.829499, 17.171071], [-101.918528, 17.91609], [-103.50099, 18.292295], [-105.493038, 19.946767], [-105.731396, 20.434102], [-105.397773, 20.531719], [-105.265817, 21.422104], [-106.028716, 22.773752], [-108.401905, 25.172314], [-109.260199, 25.580609], [-109.291644, 26.442934], [-110.391732, 27.162115], [-110.641019, 27.859876], [-111.178919, 27.941241], [-112.228235, 28.954409], [-113.148669, 31.170966], [-114.776451, 31.799532], [-114.673899, 30.162681], [-111.616489, 26.662817], [-110.655049, 24.298595], [-110.172856, 24.265548], [-109.433392, 23.185588], [-110.031392, 22.823078], [-110.295071, 23.430973], [-112.182036, 24.738413], [-112.300711, 26.012004], [-115.055142, 27.722727], [-114.570366, 27.741485], [-114.162018, 28.566112], [-115.518654, 29.556362], [-117.295938, 33.046225], [-118.519895, 34.027782], [-120.62286, 34.60855], [-120.74433, 35.15686], [-121.71457, 36.16153], [-122.51201, 37.78339], [-123.7272, 38.95166], [-123.86517, 39.76699], [-124.39807, 40.3132], [-124.2137, 41.99964], [-124.53284, 42.76599], [-123.89893, 45.52341], [-124.079635, 46.86475], [-124.68721, 48.184433], [-124.566101, 48.379715], [-123.12, 48.04], [-122.58736, 47.096], [-122.34, 47.36], [-122.84, 49.0], [-125.62461, 50.41656], [-127.43561, 50.83061], [-127.99276, 51.71583], [-127.85032, 52.32961], [-129.12979, 52.75538], [-129.30523, 53.56159], [-130.51497, 54.28757], [-130.536109, 54.802754], [-131.967211, 55.497776], [-132.250011, 56.369996], [-133.539181, 57.178887], [-134.078063, 58.123068], [-136.628062, 58.212209], [-139.867787, 59.537762], [-142.574444, 60.084447], [-143.958881, 59.99918], [-147.114374, 60.884656], [-148.224306, 60.672989], [-148.018066, 59.978329], [-151.716393, 59.155821], [-151.859433, 59.744984], [-151.409719, 60.725803], [-150.346941, 61.033588], [-150.621111, 61.284425], [-154.019172, 59.350279], [-153.287511, 58.864728], [-154.232492, 58.146374], [-156.308335, 57.422774], [-156.556097, 56.979985], [-158.117217, 56.463608], [-158.433321, 55.994154], [-164.785569, 54.404173], [-164.942226, 54.572225], [-161.804175, 55.894986], [-160.563605, 56.008055], [-157.72277, 57.570001], [-157.041675, 58.918885], [-158.517218, 58.787781], [-159.058606, 58.424186], [-159.711667, 58.93139], [-159.981289, 58.572549], [-160.355271, 59.071123], [-161.968894, 58.671665], [-161.874171, 59.633621], [-162.518059, 59.989724], [-163.818341, 59.798056], [-165.346388, 60.507496], [-165.350832, 61.073895], [-166.121379, 61.500019], [-165.734452, 62.074997], [-164.562508, 63.146378], [-163.067224, 63.059459], [-162.260555, 63.541936], [-160.772507, 63.766108], [-160.958335, 64.222799], [-161.518068, 64.402788], [-160.777778, 64.788604], [-162.757786, 64.338605], [-164.96083, 64.446945], [-166.425288, 64.686672], [-168.11056, 65.669997], [-164.47471, 66.57666], [-163.652512, 66.57666], [-163.788602, 66.077207], [-161.677774, 66.11612], [-165.390287, 68.042772], [-166.764441, 68.358877], [-166.204707, 68.883031], [-164.430811, 68.915535], [-163.168614, 69.371115], [-162.930566, 69.858062], [-161.908897, 70.33333], [-158.119723, 70.824721], [-156.580825, 71.357764], [-155.06779, 71.147776], [-154.344165, 70.696409], [-152.210006, 70.829992], [-152.270002, 70.600006], [-150.739992, 70.430017], [-144.920011, 69.989992], [-143.589446, 70.152514], [-136.50358, 68.89804], [-134.41464, 69.62743], [-132.92925, 69.50534], [-129.79471, 70.19369], [-129.10773, 69.77927], [-128.36156, 70.01286], [-128.13817, 70.48384], [-125.75632, 69.48058], [-124.42483, 70.1584], [-124.28968, 69.39969], [-122.6835, 69.85553], [-121.47226, 69.79778], [-117.60268, 69.01128], [-115.2469, 68.90591], [-113.89794, 68.3989], [-115.30489, 67.90261], [-113.49727, 67.68815], [-109.94619, 67.98104], [-108.8802, 67.38144], [-107.79239, 67.88736], [-108.81299, 68.31164], [-108.16721, 68.65392], [-106.15, 68.8], [-104.33791, 68.018], [-103.22115, 68.09775], [-101.45433, 67.64689], [-98.4432, 67.78165], [-98.5586, 68.40394], [-97.66948, 68.57864], [-96.11991, 68.23939], [-96.12588, 67.29338], [-95.48943, 68.0907], [-94.685, 68.06383], [-94.23282, 69.06903], [-96.47131, 70.08976], [-96.39115, 71.19482], [-95.2088, 71.92053], [-93.88997, 71.76015], [-91.51964, 70.19129], [-92.40692, 69.69997], [-90.5471, 69.49766], [-90.55151, 68.47499], [-89.21515, 69.25873], [-88.01966, 68.61508], [-88.31749, 67.87338], [-87.35017, 67.19872], [-85.57664, 68.78456], [-85.52197, 69.88211], [-82.62258, 69.65826], [-81.28043, 69.16202], [-81.2202, 68.66567], [-81.96436, 68.13253], [-81.25928, 67.59716], [-81.38653, 67.11078], [-83.34456, 66.41154], [-84.73542, 66.2573], [-85.76943, 66.55833], [-87.32324, 64.77563], [-88.48296, 64.09897], [-89.91444, 64.03273], [-90.70398, 63.61017], [-90.77004, 62.96021], [-91.93342, 62.83508], [-94.24153, 60.89865], [-94.62931, 60.11021], [-94.6846, 58.94882], [-93.21502, 58.78212], [-92.29703, 57.08709], [-90.89769, 57.28468], [-85.01181, 55.3026], [-82.27285, 55.14832], [-82.4362, 54.28227], [-82.12502, 53.27703], [-81.40075, 52.15788], [-79.91289, 51.20842], [-79.14301, 51.53393], [-78.60191, 52.56208], [-79.12421, 54.14145], [-79.82958, 54.66772], [-78.22874, 55.13645], [-76.54137, 56.53423], [-76.62319, 57.20263], [-77.30226, 58.05209], [-78.51688, 58.80458], [-77.33676, 59.85261], [-78.10687, 62.31964], [-77.41067, 62.55053], [-74.6682, 62.18111], [-73.83988, 62.4438], [-71.67708, 61.52535], [-71.37369, 61.13717], [-69.59042, 61.06141], [-69.2879, 58.95736], [-68.37455, 58.80106], [-67.64976, 58.21206], [-66.20178, 58.76731], [-64.58352, 60.33558], [-61.39655, 56.96745], [-61.79866, 56.33945], [-59.56962, 55.20407], [-57.3332, 54.6265], [-56.93689, 53.78032], [-55.75632, 53.27036], [-55.68338, 52.14664], [-57.12691, 51.41972], [-58.77482, 51.0643], [-60.03309, 50.24277], [-66.39905, 50.22897], [-67.23631, 49.51156], [-68.51114, 49.06836], [-71.10458, 46.82171], [-70.25522, 46.98606], [-68.65, 48.3], [-66.55243, 49.1331], [-65.05626, 49.23278], [-64.17099, 48.74248], [-65.11545, 48.07085], [-64.47219, 46.23849], [-63.17329, 45.73902], [-61.52072, 45.88377], [-60.51815, 47.00793], [-60.4486, 46.28264], [-59.80287, 45.9204], [-64.24656, 44.26553], [-65.36406, 43.54523], [-66.1234, 43.61867], [-66.16173, 44.46512], [-64.42549, 45.29204], [-67.13741, 45.13753], [-66.96466, 44.8097], [-70.11617, 43.68405], [-70.645476, 43.090238], [-70.825, 42.335], [-70.495, 41.805], [-70.08, 41.78], [-70.185, 42.145], [-69.88497, 41.92283], [-69.96503, 41.63717], [-73.71, 40.931102], [-71.945, 40.93], [-73.952325, 40.75075], [-74.25671, 40.47351], [-73.96244, 40.42763], [-74.17838, 39.70926], [-74.90604, 38.93954], [-75.52805, 39.4985], [-75.05673, 38.40412], [-75.94023, 37.21689], [-75.72205, 37.93705], [-76.23287, 38.319215], [-76.35, 39.15], [-76.542725, 38.717615], [-76.32933, 38.08326], [-76.989998, 38.239992], [-76.30162, 37.917945], [-75.72749, 35.55074], [-76.36318, 34.80854], [-79.06067, 33.49395], [-81.33629, 31.44049], [-81.31371, 30.03552], [-80.056539, 26.88], [-80.38103, 25.20616], [-81.17213, 25.20126], [-81.71, 25.87], [-82.85526, 27.88624], [-82.65, 28.55], [-83.70959, 29.93656], [-84.1, 30.09], [-85.10882, 29.63615], [-86.4, 30.4], [-88.41782, 30.3849], [-89.593831, 30.159994], [-89.21767, 29.29108], [-89.40823, 29.15961], [-90.880225, 29.148535], [-91.626785, 29.677], [-93.22637, 29.78375], [-94.69, 29.48], [-97.14, 27.83], [-97.38, 26.69], [-97.14, 25.87], [-97.53, 25.84], [-97.140008, 25.869997]]], [[[-128.059336, 49.994959], [-128.358414, 50.770648], [-125.755007, 50.295018], [-123.510002, 48.510011], [-124.012891, 48.370846], [-125.655013, 48.825005], [-127.029993, 49.814996], [-128.059336, 49.994959]]], [[[-131.179043, 52.180433], [-133.054611, 53.411469], [-133.180004, 54.169975], [-131.74999, 54.120004], [-132.04948, 52.984621], [-131.179043, 52.180433]]], [[[-154.670993, 57.461196], [-153.228729, 57.968968], [-152.141147, 57.591059], [-154.00509, 56.734677], [-154.516403, 56.992749], [-154.670993, 57.461196]]], [[[-167.455277, 60.213069], [-165.67443, 60.293607], [-165.579164, 59.909987], [-166.19277, 59.754441], [-167.455277, 60.213069]]], [[[-169.52944, 62.976931], [-170.671386, 63.375822], [-171.553063, 63.317789], [-171.731657, 63.782515], [-168.689439, 63.297506], [-169.52944, 62.976931]]], [[[-101.08929, 69.58447], [-102.73116, 69.50402], [-102.09329, 69.11962], [-102.43024, 68.75282], [-105.96, 69.18], [-113.3132, 68.53554], [-113.85496, 69.00744], [-116.10794, 69.16821], [-117.34, 69.96], [-112.4161, 70.36638], [-117.9048, 70.54056], [-118.43238, 70.9092], [-116.11311, 71.30918], [-119.40199, 71.55859], [-117.86642, 72.70594], [-115.18909, 73.31459], [-114.16717, 73.12145], [-114.66634, 72.65277], [-112.44102, 72.9554], [-111.05039, 72.4504], [-109.92035, 72.96113], [-109.00654, 72.63335], [-108.18835, 71.65089], [-107.68599, 72.06548], [-108.39639, 73.08953], [-107.51645, 73.23598], [-105.40246, 72.67259], [-104.46476, 70.99297], [-100.98078, 70.02432], [-101.08929, 69.58447]]], [[[-119.22, 72.52], [-120.46, 71.82], [-120.46, 71.383602], [-123.09219, 70.90164], [-123.62, 71.34], [-125.928949, 71.868688], [-123.94, 73.68], [-124.91775, 74.29275], [-121.53788, 74.44893], [-117.55564, 74.18577], [-115.51081, 73.47519], [-119.22, 72.52]]], [[[-106.94, 73.46], [-105.26, 73.64], [-104.5, 73.42], [-105.38, 72.76], [-106.94, 73.46]]], [[[-106.31347, 75.00527], [-113.74381, 74.39427], [-113.87135, 74.72029], [-111.79421, 75.1625], [-117.7104, 75.2222], [-116.34602, 76.19903], [-115.40487, 76.47887], [-109.0671, 75.47321], [-110.49726, 76.42982], [-109.5811, 76.79417], [-108.54859, 76.67832], [-107.81943, 75.84552], [-105.881, 75.9694], [-105.70498, 75.47951], [-106.31347, 75.00527]]], [[[-116.335813, 76.876962], [-119.899318, 76.053213], [-122.854925, 76.116543], [-119.103939, 77.51222], [-116.198587, 77.645287], [-116.335813, 76.876962]]], [[[-111.264443, 78.152956], [-109.854452, 77.996325], [-110.186938, 77.697015], [-112.051191, 77.409229], [-113.534279, 77.732207], [-111.264443, 78.152956]]], [[[-99.670939, 77.907545], [-105.176133, 78.380332], [-104.210429, 78.67742], [-105.41958, 78.918336], [-105.492289, 79.301594], [-100.825158, 78.800462], [-99.670939, 77.907545]]], [[[-111.50001, 78.849994], [-109.663146, 78.601973], [-112.542091, 78.407902], [-111.50001, 78.849994]]], [[[-83.06857, 62.15922], [-83.99367, 62.4528], [-83.25048, 62.91409], [-81.87699, 62.90458], [-83.06857, 62.15922]]], [[[-80.99102, 63.411246], [-82.547178, 63.651722], [-83.108798, 64.101876], [-85.523405, 63.052379], [-85.866769, 63.637253], [-87.221983, 63.541238], [-86.35276, 64.035833], [-85.883848, 65.738778], [-85.161308, 65.657285], [-84.975764, 65.217518], [-84.464012, 65.371772], [-81.642014, 64.455136], [-81.55344, 63.979609], [-80.817361, 64.057486], [-80.103451, 63.725981], [-80.99102, 63.411246]]], [[[-99.797401, 69.40003], [-98.218261, 70.14354], [-95.647681, 69.10769], [-96.269521, 68.75704], [-99.797401, 69.40003]]], [[[-98.05359, 72.99052], [-96.54, 72.56], [-96.72, 71.66], [-99.32286, 71.35639], [-102.5, 72.51], [-102.48, 72.83], [-100.43836, 72.70588], [-101.54, 73.36], [-100.35642, 73.84389], [-97.38, 73.76], [-97.12, 73.47], [-98.05359, 72.99052]]], [[[-95.409856, 72.061881], [-96.033745, 72.940277], [-96.018268, 73.43743], [-95.495793, 73.862417], [-94.503658, 74.134907], [-90.509793, 73.856732], [-92.003965, 72.966244], [-93.196296, 72.771992], [-94.269047, 72.024596], [-95.409856, 72.061881]]], [[[-94.85082, 75.647218], [-93.612756, 74.979997], [-94.156909, 74.592347], [-96.820932, 74.927623], [-96.288587, 75.377828], [-94.85082, 75.647218]]], [[[-93.893824, 76.319244], [-97.121379, 76.751078], [-96.745123, 77.161389], [-91.605023, 76.778518], [-90.741846, 76.449597], [-90.969661, 76.074013], [-89.187083, 75.610166], [-81.128531, 75.713983], [-80.057511, 75.336849], [-79.833933, 74.923127], [-81.948843, 74.442459], [-89.764722, 74.515555], [-92.422441, 74.837758], [-92.889906, 75.882655], [-93.893824, 76.319244]]], [[[-100.88366, 75.05736], [-100.86292, 75.64075], [-102.50209, 75.5638], [-102.56552, 76.3366], [-98.5, 76.72], [-97.735585, 76.25656], [-98.16, 75.0], [-100.88366, 75.05736]]], [[[-93.840003, 77.519997], [-96.169654, 77.555111], [-96.436304, 77.834629], [-94.422577, 77.820005], [-93.840003, 77.519997]]], [[[-98.631984, 78.87193], [-96.754399, 78.765813], [-95.559278, 78.418315], [-95.830295, 78.056941], [-97.309843, 77.850597], [-98.124289, 78.082857], [-98.631984, 78.87193]]], [[[-91.13289, 80.72345], [-87.81, 80.32], [-87.02, 79.66], [-85.81435, 79.3369], [-89.03535, 78.28723], [-92.87669, 78.34333], [-93.95116, 78.75099], [-93.93574, 79.11373], [-93.14524, 79.3801], [-94.974, 79.37248], [-96.70972, 80.15777], [-95.32345, 80.90729], [-94.29843, 80.97727], [-94.73542, 81.20646], [-92.40984, 81.25739], [-91.13289, 80.72345]]], [[[-61.95, 10.09], [-61.68, 10.76], [-60.895, 10.855], [-60.935, 10.11], [-61.95, 10.09]]], [[[-77.766023, 17.861597], [-78.337719, 18.225968], [-78.217727, 18.454533], [-76.896619, 18.400867], [-76.199659, 17.886867], [-77.766023, 17.861597]]], [[[-67.242428, 18.37446], [-66.282434, 18.514762], [-65.591004, 18.228035], [-65.847164, 17.975906], [-67.184162, 17.946553], [-67.242428, 18.37446]]], [[[-69.76925, 19.293267], [-69.222126, 19.313214], [-69.254346, 19.015196], [-68.317943, 18.612198], [-68.689316, 18.205142], [-69.952934, 18.428307], [-70.517137, 18.184291], [-70.669298, 18.426886], [-71.40021, 17.598564], [-71.708305, 18.044997], [-72.372476, 18.214961], [-73.922433, 18.030993], [-74.458034, 18.34255], [-74.369925, 18.664908], [-72.694937, 18.445799], [-72.334882, 18.668422], [-72.784105, 19.483591], [-73.415022, 19.639551], [-73.189791, 19.915684], [-70.806706, 19.880286], [-69.950815, 19.648], [-69.76925, 19.293267]]], [[[-78.347434, 22.512166], [-76.523825, 21.20682], [-75.598222, 21.016624], [-75.67106, 20.735091], [-74.178025, 20.284628], [-74.296648, 20.050379], [-77.755481, 19.855481], [-77.085108, 20.413354], [-78.137292, 20.739949], [-78.719867, 21.598114], [-82.169992, 22.387109], [-81.795002, 22.636965], [-82.775898, 22.68815], [-84.052151, 21.910575], [-84.974911, 21.896028], [-83.77824, 22.788118], [-82.268151, 23.188611], [-80.618769, 23.10598], [-79.281486, 22.399202], [-78.347434, 22.512166]]], [[[-78.40848, 24.57564], [-78.19087, 25.2103], [-77.89, 25.17], [-77.53466, 23.75975], [-77.78, 23.71], [-78.40848, 24.57564]]], [[[-77.79, 27.04], [-77.0, 26.59], [-77.17255, 25.87918], [-77.34, 26.53], [-77.79, 27.04]]], [[[-78.98, 26.79], [-77.85, 26.84], [-77.82, 26.58], [-78.91, 26.42], [-78.98, 26.79]]], [[[-62.87433, 45.96818], [-64.39261, 46.72747], [-64.01486, 47.03601], [-63.6645, 46.55001], [-62.01208, 46.44314], [-62.87433, 45.96818]]], [[[-54.935143, 49.313011], [-54.473775, 49.556691], [-53.476549, 49.249139], [-53.786014, 48.516781], [-53.086134, 48.687804], [-52.648099, 47.535548], [-53.069158, 46.655499], [-54.178936, 46.807066], [-53.961869, 47.625207], [-54.240482, 47.752279], [-55.400773, 46.884994], [-55.997481, 46.91972], [-55.291219, 47.389562], [-56.250799, 47.632545], [-59.266015, 47.603348], [-59.419494, 47.899454], [-58.796586, 48.251525], [-59.231625, 48.523188], [-58.391805, 49.125581], [-57.35869, 50.718274], [-55.870977, 51.632094], [-55.406974, 51.588273], [-56.795882, 49.812309], [-56.143105, 50.150117], [-55.471492, 49.935815], [-55.822401, 49.587129], [-54.935143, 49.313011]]], [[[-63.58926, 49.40069], [-64.51912, 49.87304], [-62.85829, 49.70641], [-61.806305, 49.10506], [-63.58926, 49.40069]]], [[[-80.36215, 62.01649], [-79.92939, 62.3856], [-79.26582, 62.158675], [-79.65752, 61.63308], [-80.36215, 62.01649]]], [[[-75.1145, 68.01036], [-75.21597, 67.44425], [-75.86588, 67.14886], [-76.98687, 67.09873], [-77.2364, 67.58809], [-76.81166, 68.14856], [-75.89521, 68.28721], [-75.1145, 68.01036]]], [[[-71.200015, 70.920013], [-68.786054, 70.525024], [-66.969033, 69.186087], [-68.805123, 68.720198], [-64.862314, 67.847539], [-63.424934, 66.928473], [-61.851981, 66.862121], [-62.163177, 66.160251], [-63.918444, 64.998669], [-66.721219, 66.388041], [-68.015016, 66.262726], [-68.141287, 65.689789], [-65.320168, 64.382737], [-64.669406, 63.392927], [-65.013804, 62.674185], [-68.783186, 63.74567], [-66.165568, 61.930897], [-71.023437, 62.910708], [-72.235379, 63.397836], [-71.886278, 63.679989], [-74.834419, 64.679076], [-74.818503, 64.389093], [-77.70998, 64.229542], [-78.555949, 64.572906], [-77.897281, 65.309192], [-73.959795, 65.454765], [-74.293883, 65.811771], [-72.651167, 67.284576], [-72.92606, 67.726926], [-74.843307, 68.554627], [-76.869101, 68.894736], [-76.228649, 69.147769], [-77.28737, 69.76954], [-78.957242, 70.16688], [-81.305471, 69.743185], [-88.681713, 70.410741], [-89.51342, 70.762038], [-88.467721, 71.218186], [-89.888151, 71.222552], [-90.20516, 72.235074], [-89.436577, 73.129464], [-88.408242, 73.537889], [-85.826151, 73.803816], [-86.562179, 73.157447], [-85.774371, 72.534126], [-84.850112, 73.340278], [-82.31559, 73.750951], [-80.600088, 72.716544], [-80.748942, 72.061907], [-77.824624, 72.749617], [-74.228616, 71.767144], [-74.099141, 71.33084], [-72.242226, 71.556925], [-71.200015, 70.920013]]], [[[-20.84539, 82.72669], [-22.69182, 82.34165], [-31.9, 82.2], [-24.84448, 81.78697], [-22.90328, 82.09317], [-22.07175, 81.73449], [-23.16961, 81.15271], [-15.76818, 81.91245], [-12.77018, 81.71885], [-12.20855, 81.29154], [-16.85, 80.35], [-20.04624, 80.17708], [-17.73035, 80.12912], [-19.70499, 78.75128], [-19.67353, 77.63859], [-18.47285, 76.98565], [-21.67944, 76.62795], [-19.83407, 76.09808], [-19.59896, 75.24838], [-20.66818, 75.15585], [-19.37281, 74.29561], [-21.59422, 74.22382], [-20.43454, 73.81713], [-20.76234, 73.46436], [-23.56593, 73.30663], [-22.31311, 72.62928], [-22.29954, 72.18409], [-24.27834, 72.59788], [-24.79296, 72.3302], [-22.13281, 71.46898], [-21.75356, 70.66369], [-23.53603, 70.471], [-25.54341, 71.43094], [-25.20135, 70.75226], [-26.36276, 70.22646], [-22.34902, 70.12946], [-27.74737, 68.47046], [-31.77665, 68.12078], [-34.20196, 66.67974], [-36.35284, 65.9789], [-39.81222, 65.45848], [-40.66899, 64.83997], [-40.68281, 64.13902], [-41.1887, 63.48246], [-42.81938, 62.68233], [-42.41666, 61.90093], [-43.3784, 60.09772], [-44.7875, 60.03676], [-46.26364, 60.85328], [-48.26294, 60.85843], [-51.63325, 63.62691], [-52.14014, 64.27842], [-52.27659, 65.1767], [-53.66166, 66.09957], [-53.30161, 66.8365], [-53.96911, 67.18899], [-52.9804, 68.35759], [-51.47536, 68.72958], [-50.87122, 69.9291], [-53.45629, 69.283625], [-54.68336, 69.61003], [-54.75001, 70.28932], [-54.35884, 70.821315], [-51.39014, 70.56978], [-54.00422, 71.54719], [-55.83468, 71.65444], [-54.71819, 72.58625], [-57.32363, 74.71026], [-58.59679, 75.09861], [-58.58516, 75.51727], [-61.26861, 76.10238], [-68.50438, 76.06141], [-71.40257, 77.00857], [-66.76397, 77.37595], [-73.297, 78.04419], [-73.15938, 78.43271], [-65.7107, 79.39436], [-65.3239, 79.75814], [-68.02298, 80.11721], [-67.15129, 80.51582], [-62.23444, 81.3211], [-62.65116, 81.77042], [-60.28249, 82.03363], [-54.13442, 82.19962], [-53.04328, 81.88833], [-50.39061, 82.43883], [-44.523, 81.6607], [-46.9007, 82.19979], [-46.76379, 82.62796], [-43.40644, 83.22516], [-39.89753, 83.18018], [-38.62214, 83.54905], [-35.08787, 83.64513], [-27.10046, 83.51966], [-20.84539, 82.72669]]], [[[-76.251404, 72.826385], [-79.486252, 72.742203], [-80.876099, 73.333183], [-80.833885, 73.693184], [-78.064438, 73.651932], [-76.34, 73.102685], [-76.251404, 72.826385]]], [[[-83.18, 82.32], [-82.42, 82.86], [-81.1, 83.02], [-72.83153, 83.23324], [-61.85, 82.6286], [-61.89388, 82.36165], [-67.65755, 81.50141], [-65.48031, 81.50657], [-69.4697, 80.61683], [-71.18, 79.8], [-76.90773, 79.32309], [-75.52924, 79.19766], [-76.22046, 79.01907], [-75.39345, 78.52581], [-79.75951, 77.20968], [-79.61965, 76.98336], [-77.91089, 77.022045], [-77.88911, 76.777955], [-80.56125, 76.17812], [-89.49068, 76.47239], [-89.6161, 76.95213], [-87.76739, 77.17833], [-88.26, 77.9], [-84.97634, 77.53873], [-86.34, 78.18], [-87.96192, 78.37181], [-85.37868, 78.9969], [-85.09495, 79.34543], [-86.50734, 79.73624], [-86.93179, 80.25145], [-83.408696, 80.1], [-81.84823, 80.46442], [-87.59895, 80.51627], [-89.36663, 80.85569], [-91.36786, 81.5531], [-91.58702, 81.89429], [-85.5, 82.652273], [-83.18, 82.32]]]]}}, {"type": "Feature", "id": "south america", "properties": {"preset_id": "south america", "name": "South America"}, "geometry": {"type": "MultiPolygon", "coordinates": [[[[-68.639991, -55.580018], [-72.2639, -54.49514], [-74.66253, -52.83749], [-71.10773, -54.07433], [-70.26748, -52.93123], [-69.34565, -52.5183], [-68.63401, -52.63637], [-67.75, -53.85], [-65.05, -54.7], [-65.5, -55.2], [-66.45, -55.25], [-66.95992, -54.89681], [-67.29103, -55.30124], [-68.639991, -55.580018]]], [[[-69.461284, -52.291951], [-70.845102, -52.899201], [-71.006332, -53.833252], [-71.429795, -53.856455], [-74.946763, -52.262754], [-75.608015, -48.673773], [-75.18277, -47.711919], [-74.126581, -46.939253], [-75.644395, -46.647643], [-74.692154, -45.763976], [-74.351709, -44.103044], [-73.240356, -44.454961], [-72.717804, -42.383356], [-73.3889, -42.117532], [-73.701336, -43.365776], [-74.331943, -43.224958], [-73.677099, -39.942213], [-73.217593, -39.258689], [-73.588061, -37.156285], [-73.166717, -37.12378], [-71.43845, -32.418899], [-71.668721, -30.920645], [-71.370083, -30.095682], [-71.489894, -28.861442], [-70.905124, -27.64038], [-70.091246, -21.393319], [-70.372572, -18.347975], [-71.37525, -17.773799], [-71.462041, -17.363488], [-76.009205, -14.649286], [-76.423469, -13.823187], [-76.259242, -13.535039], [-79.760578, -7.194341], [-81.249996, -6.136834], [-80.926347, -5.690557], [-81.410943, -4.736765], [-79.770293, -2.657512], [-79.986559, -2.220794], [-80.368784, -2.685159], [-80.967765, -2.246943], [-80.933659, -1.057455], [-80.58337, -0.906663], [-80.09061, 0.768429], [-78.855259, 1.380924], [-78.990935, 1.69137], [-78.617831, 1.766404], [-78.42761, 2.629556], [-77.931543, 2.696606], [-77.12769, 3.849636], [-77.496272, 4.087606], [-77.318815, 5.845354], [-77.881571, 7.223771], [-77.753414, 7.70984], [-77.242566, 7.935278], [-77.474723, 8.524286], [-75.6746, 9.443248], [-75.480426, 10.61899], [-74.906895, 11.083045], [-73.414764, 11.227015], [-71.75409, 12.437303], [-71.137461, 12.112982], [-71.360006, 11.539994], [-71.94705, 11.423282], [-71.633064, 10.446494], [-72.074174, 9.865651], [-71.695644, 9.072263], [-71.264559, 9.137195], [-71.039999, 9.859993], [-71.400623, 10.968969], [-70.155299, 11.375482], [-70.293843, 11.846822], [-69.943245, 12.162307], [-69.5843, 11.459611], [-68.882999, 11.443385], [-68.194127, 10.554653], [-66.227864, 10.648627], [-64.890452, 10.077215], [-64.318007, 10.641418], [-61.880946, 10.715625], [-62.730119, 10.420269], [-62.388512, 9.948204], [-61.588767, 9.873067], [-60.830597, 9.38134], [-60.671252, 8.580174], [-60.150096, 8.602757], [-59.101684, 7.999202], [-58.482962, 7.347691], [-58.454876, 6.832787], [-57.147436, 5.97315], [-53.958045, 5.756548], [-54.478633, 4.896756], [-54.006931, 3.620038], [-54.524754, 2.311849], [-52.939657, 2.124858], [-51.657797, 4.156232], [-51.317146, 4.203491], [-50.508875, 1.901564], [-49.974076, 1.736483], [-49.947101, 1.04619], [-50.699251, 0.222984], [-50.388211, -0.078445], [-48.620567, -0.235489], [-48.584497, -1.237805], [-47.824956, -0.581618], [-44.905703, -1.55174], [-44.417619, -2.13775], [-44.581589, -2.691308], [-43.418791, -2.38311], [-41.472657, -2.912018], [-39.978665, -2.873054], [-37.223252, -4.820946], [-35.597796, -5.149504], [-35.235389, -5.464937], [-34.729993, -7.343221], [-35.128212, -8.996401], [-38.673887, -13.057652], [-39.267339, -17.867746], [-39.760823, -19.599113], [-40.774741, -20.904512], [-40.944756, -21.937317], [-41.754164, -22.370676], [-41.988284, -22.97007], [-44.647812, -23.351959], [-47.648972, -24.885199], [-48.495458, -25.877025], [-48.474736, -27.175912], [-48.888457, -28.674115], [-49.587329, -29.224469], [-50.696874, -30.984465], [-52.256081, -32.24537], [-53.806426, -34.396815], [-54.935866, -34.952647], [-56.215297, -34.859836], [-57.817861, -34.462547], [-58.427074, -33.909454], [-58.495442, -34.43149], [-57.22583, -35.288027], [-57.362359, -35.97739], [-56.737487, -36.413126], [-56.788285, -36.901572], [-57.749157, -38.183871], [-59.231857, -38.72022], [-62.335957, -38.827707], [-62.145994, -40.676897], [-62.745803, -41.028761], [-63.770495, -41.166789], [-64.73209, -40.802677], [-65.118035, -41.064315], [-64.978561, -42.058001], [-64.303408, -42.359016], [-63.755948, -42.043687], [-63.458059, -42.563138], [-65.181804, -43.495381], [-65.565269, -45.036786], [-66.509966, -45.039628], [-67.293794, -45.551896], [-67.580546, -46.301773], [-66.597066, -47.033925], [-65.641027, -47.236135], [-65.985088, -48.133289], [-67.166179, -48.697337], [-67.816088, -49.869669], [-69.138539, -50.73251], [-68.815561, -51.771104], [-68.149995, -52.349983], [-69.461284, -52.291951]]], [[[-57.75, -51.55], [-58.05, -51.9], [-59.4, -52.2], [-59.85, -51.85], [-60.7, -52.3], [-61.2, -51.85], [-60.0, -51.25], [-59.15, -51.5], [-58.55, -51.1], [-57.75, -51.55]]]]}}, {"type": "Feature", "id": "europe", "properties": {"preset_id": "europe", "name": "Europe"}, "geometry": {"type": "MultiPolygon", "coordinates": [[[[-53.554839, 2.334897], [-54.088063, 2.105557], [-54.524754, 2.311849], [-54.006931, 3.620038], [-54.478633, 4.896756], [-53.958045, 5.756548], [-52.882141, 5.409851], [-51.657797, 4.156232], [-52.939657, 2.124858], [-53.418465, 2.053389], [-53.554839, 2.334897]]], [[[-9.287464, 38.358486], [-9.446989, 39.392066], [-8.768684, 40.760639], [-8.984433, 42.592775], [-9.392884, 43.026625], [-7.97819, 43.748338], [-1.901351, 43.422802], [-1.384225, 44.02261], [-1.193798, 46.014918], [-2.963276, 47.570327], [-4.491555, 47.954954], [-4.59235, 48.68416], [-3.295814, 48.901692], [-1.616511, 48.644421], [-1.933494, 49.776342], [-0.989469, 49.347376], [1.338761, 50.127173], [1.639001, 50.946606], [3.830289, 51.620545], [4.705997, 53.091798], [7.100425, 53.693932], [8.121706, 53.527792], [8.800734, 54.020786], [8.120311, 55.517723], [8.089977, 56.540012], [8.543438, 57.110003], [10.580006, 57.730017], [10.25, 56.890016], [10.912182, 56.458621], [9.649985, 55.469999], [9.93958, 54.596642], [10.950112, 54.363607], [10.939467, 54.008693], [12.51844, 54.470371], [14.119686, 53.757029], [17.622832, 54.851536], [19.66064, 54.426084], [19.888481, 54.86616], [21.268449, 55.190482], [21.090424, 56.783873], [21.581866, 57.411871], [22.524341, 57.753374], [23.318453, 57.006236], [24.12073, 57.025693], [24.428928, 58.383413], [24.061198, 58.257375], [23.42656, 58.612753], [23.339795, 59.18724], [25.864189, 59.61109], [27.981127, 59.475373], [29.1177, 60.02805], [28.070002, 60.503519], [22.869695, 59.846373], [21.322244, 60.72017], [21.544866, 61.705329], [21.059211, 62.607393], [21.536029, 63.189735], [25.398068, 65.111427], [25.294043, 65.534346], [23.903379, 66.006927], [22.183173, 65.723741], [21.213517, 65.026005], [21.369631, 64.413588], [17.847779, 62.7494], [17.119555, 61.341166], [18.787722, 60.081914], [17.869225, 58.953766], [16.829185, 58.719827], [16.44771, 57.041118], [15.879786, 56.104302], [14.666681, 56.200885], [14.100721, 55.407781], [12.942911, 55.361737], [11.027369, 58.856149], [10.356557, 59.469807], [8.382, 58.313288], [7.048748, 58.078884], [5.665835, 58.588155], [4.992078, 61.970998], [5.9129, 62.614473], [8.553411, 63.454008], [10.527709, 64.486038], [14.761146, 67.810642], [19.184028, 69.817444], [21.378416, 70.255169], [23.023742, 70.202072], [24.546543, 71.030497], [28.165547, 71.185474], [31.293418, 70.453788], [30.005435, 70.186259], [31.101042, 69.558101], [32.13272, 69.90595], [33.77547, 69.30142], [36.51396, 69.06342], [41.05987, 67.45713], [41.12595, 66.79158], [38.38295, 65.99953], [33.91871, 66.75961], [33.18444, 66.63253], [34.81477, 65.90015], [34.94391, 64.41437], [37.01273, 63.84983], [37.14197, 64.33471], [36.539579, 64.76446], [37.17604, 65.14322], [39.59345, 64.52079], [40.4356, 64.76446], [39.7626, 65.49682], [42.09309, 66.47623], [43.94975, 66.06908], [44.53226, 66.75634], [43.69839, 67.35245], [44.18795, 67.95051], [43.45282, 68.57079], [46.25, 68.25], [46.82134, 67.68997], [45.55517, 67.56652], [45.56202, 67.01005], [46.34915, 66.66767], [47.89416, 66.88455], [48.13876, 67.52238], [53.71743, 68.85738], [54.47171, 68.80815], [53.48582, 68.20131], [54.72628, 68.09702], [55.44268, 68.43866], [57.31702, 68.46628], [58.802, 68.88082], [59.94142, 68.27844], [61.07784, 68.94069], [60.03, 69.52], [60.55, 69.85], [63.504, 69.54739], [68.51216, 68.09233], [69.18068, 68.61563], [68.13522, 69.35649], [66.93008, 69.45461], [67.25976, 69.92873], [66.69466, 71.02897], [68.54006, 71.9345], [69.19636, 72.84336], [69.94, 73.04], [72.58754, 72.77629], [72.79603, 72.22006], [71.84811, 71.40898], [72.47011, 71.09019], [72.79188, 70.39114], [72.5647, 69.02085], [73.66787, 68.4079], [73.2387, 67.7404], [71.28, 66.32], [72.42301, 66.17267], [73.92099, 66.78946], [74.18651, 67.28429], [75.052, 67.76047], [74.46926, 68.32899], [74.93584, 68.98918], [73.84236, 69.07146], [73.60187, 69.62763], [74.3998, 70.63175], [73.1011, 71.44717], [74.89082, 72.12119], [74.65926, 72.83227], [75.15801, 72.85497], [75.68351, 72.30056], [75.28898, 71.33556], [76.35911, 71.15287], [75.90313, 71.87401], [77.57665, 72.26717], [79.65202, 72.32011], [81.5, 71.75], [80.61071, 72.58285], [80.51109, 73.6482], [86.8223, 73.93688], [86.00956, 74.45967], [87.16682, 75.11643], [92.90058, 75.77333], [93.23421, 76.0472], [96.67821, 75.91548], [98.92254, 76.44689], [100.75967, 76.43028], [101.99084, 77.28754], [104.3516, 77.69792], [106.06664, 77.37389], [104.705, 77.1274], [106.97013, 76.97419], [107.24, 76.48], [111.07726, 76.71], [114.13417, 75.84764], [113.88539, 75.32779], [109.4, 74.18], [112.11919, 73.78774], [113.01954, 73.97693], [113.52958, 73.33505], [115.56782, 73.75285], [118.77633, 73.58772], [119.02, 73.12], [123.20066, 72.97122], [123.25777, 73.73503], [126.97644, 73.56549], [128.59126, 73.03871], [129.05157, 72.39872], [128.46, 71.98], [129.71599, 71.19304], [131.28858, 70.78699], [132.2535, 71.8363], [133.85766, 71.38642], [135.56193, 71.65525], [137.49755, 71.34763], [138.23409, 71.62803], [139.86983, 71.48783], [139.14791, 72.41619], [140.46817, 72.84941], [149.5, 72.2], [150.35118, 71.60643], [152.9689, 70.84222], [158.99779, 70.86672], [159.83031, 70.45324], [159.70866, 69.72198], [160.94053, 69.43728], [167.83567, 69.58269], [169.57763, 68.6938], [170.81688, 69.01363], [170.0082, 69.65276], [170.45345, 70.09703], [175.72403, 69.87725], [180.0, 68.963636], [180.0, 64.979709], [178.7072, 64.53493], [177.41128, 64.60821], [179.37034, 62.98262], [179.22825, 62.3041], [177.3643, 62.5219], [173.68013, 61.65261], [170.6985, 60.33618], [170.33085, 59.88177], [168.90046, 60.57355], [166.29498, 59.78855], [165.84, 60.16], [164.87674, 59.7316], [163.53929, 59.86871], [163.21711, 59.21101], [162.01733, 58.24328], [162.05297, 57.83912], [163.19191, 57.61503], [163.05794, 56.15924], [162.12958, 56.12219], [161.70146, 55.28568], [162.11749, 54.85514], [160.36877, 54.34433], [160.02173, 53.20257], [158.53094, 52.95868], [158.23118, 51.94269], [156.78979, 51.01105], [155.43366, 55.38103], [155.91442, 56.76792], [156.75815, 57.3647], [156.81035, 57.83204], [158.36433, 58.05575], [161.87204, 60.343], [163.66969, 61.1409], [164.47355, 62.55061], [163.25842, 62.46627], [162.65791, 61.6425], [160.12148, 60.54423], [159.30232, 61.77396], [156.72068, 61.43442], [154.21806, 59.75818], [155.04375, 59.14495], [151.26573, 58.78089], [151.33815, 59.50396], [149.78371, 59.65573], [148.54481, 59.16448], [145.48722, 59.33637], [142.19782, 59.03998], [135.12619, 54.72959], [136.70171, 54.60355], [137.19342, 53.97732], [138.1647, 53.75501], [138.80463, 54.25455], [139.90151, 54.18968], [141.34531, 53.08957], [141.37923, 52.23877], [140.59742, 51.23967], [140.06193, 48.44671], [138.21971, 46.30795], [134.86939, 43.39821], [133.53687, 42.81147], [132.90627, 42.79849], [132.27807, 43.28456], [130.78, 42.22], [130.633866, 42.903015], [131.144688, 42.92999], [131.288555, 44.11152], [131.02519, 44.96796], [131.883454, 45.321162], [133.09712, 45.14409], [135.026311, 48.47823], [132.50669, 47.78896], [130.98726, 47.79013], [130.582293, 48.729687], [129.397818, 49.4406], [127.6574, 49.76027], [125.946349, 52.792799], [125.068211, 53.161045], [123.57147, 53.4588], [121.003085, 53.251401], [120.177089, 52.753886], [120.725789, 52.516226], [120.7382, 51.96411], [119.27939, 50.58292], [119.288461, 50.142883], [117.879244, 49.510983], [116.678801, 49.888531], [115.485695, 49.805177], [114.362456, 50.248303], [112.89774, 49.543565], [110.662011, 49.130128], [108.475167, 49.282548], [106.888804, 50.274296], [103.676545, 50.089966], [102.25589, 50.51056], [102.06521, 51.25991], [98.861491, 52.047366], [97.82574, 51.010995], [98.231762, 50.422401], [97.25976, 49.72605], [94.815949, 50.013433], [94.147566, 50.480537], [92.234712, 50.802171], [88.805567, 49.470521], [87.35997, 49.214981], [86.829357, 49.826675], [85.54127, 49.692859], [83.383004, 51.069183], [81.945986, 50.812196], [80.568447, 51.388336], [80.03556, 50.864751], [77.800916, 53.404415], [76.525179, 54.177003], [76.8911, 54.490524], [74.38482, 53.54685], [73.425679, 53.48981], [73.508516, 54.035617], [72.22415, 54.376655], [71.180131, 54.133285], [70.865267, 55.169734], [69.068167, 55.38525], [65.178534, 54.354228], [61.4366, 54.00625], [60.978066, 53.664993], [61.699986, 52.979996], [60.739993, 52.719986], [60.927269, 52.447548], [59.967534, 51.96042], [61.588003, 51.272659], [61.337424, 50.79907], [59.932807, 50.842194], [59.642282, 50.545442], [58.36332, 51.06364], [56.77798, 51.04355], [55.71694, 50.62171], [52.328724, 51.718652], [50.766648, 51.692762], [48.702382, 50.605128], [48.577841, 49.87476], [47.54948, 50.454698], [46.466446, 48.394152], [47.31524, 47.71585], [48.05725, 47.74377], [48.694734, 47.075628], [48.59325, 46.56104], [49.10116, 46.39933], [48.64541, 45.80629], [47.67591, 45.64149], [46.68201, 44.6092], [47.59094, 43.66016], [47.49252, 42.98658], [48.58437, 41.80888], [47.815666, 41.151416], [45.7764, 42.09244], [45.470279, 42.502781], [43.93121, 42.55496], [42.3944, 43.2203], [39.955009, 43.434998], [36.67546, 45.24469], [37.40317, 45.40451], [38.23295, 46.24087], [37.67372, 46.63657], [39.14767, 47.04475], [39.1212, 47.26336], [34.962342, 46.273197], [35.020788, 45.651219], [36.529998, 45.46999], [36.334713, 45.113216], [33.882511, 44.361479], [33.326421, 44.564877], [33.546924, 45.034771], [32.454174, 45.327466], [33.588162, 45.851569], [33.298567, 46.080598], [31.74414, 46.333348], [31.675307, 46.706245], [30.748749, 46.5831], [29.626543, 45.035391], [28.837858, 44.913874], [28.558081, 43.707462], [27.673898, 42.577892], [27.99672, 42.007359], [27.135739, 42.141485], [26.117042, 41.826905], [26.604196, 41.562115], [26.056942, 40.824123], [23.714811, 40.687129], [24.407999, 40.124993], [23.342999, 39.960998], [22.813988, 40.476005], [22.626299, 40.256561], [23.350027, 39.190011], [22.973099, 38.970903], [24.025025, 38.219993], [24.040011, 37.655015], [23.115003, 37.920011], [23.409972, 37.409991], [22.774972, 37.30501], [23.154225, 36.422506], [21.670026, 36.844986], [21.120034, 38.310323], [19.406082, 40.250773], [19.371768, 41.877551], [16.015385, 43.507215], [15.174454, 44.243191], [15.37625, 44.317915], [14.901602, 45.07606], [14.258748, 45.233777], [13.952255, 44.802124], [13.656976, 45.136935], [13.93763, 45.591016], [13.141606, 45.736692], [12.328581, 45.381778], [12.261453, 44.600482], [12.589237, 44.091366], [13.526906, 43.587727], [14.029821, 42.761008], [15.14257, 41.95514], [15.926191, 41.961315], [16.169897, 41.740295], [15.889346, 41.541082], [18.480247, 40.168866], [18.293385, 39.810774], [17.73838, 40.277671], [16.869596, 40.442235], [16.448743, 39.795401], [17.17149, 39.4247], [17.052841, 38.902871], [16.635088, 38.843572], [16.100961, 37.985899], [15.684087, 37.908849], [16.109332, 38.964547], [15.413613, 40.048357], [13.627985, 41.188287], [12.106683, 41.704535], [10.511948, 42.931463], [10.200029, 43.920007], [8.888946, 44.366336], [6.529245, 43.128892], [4.556963, 43.399651], [3.100411, 43.075201], [3.039484, 41.89212], [2.091842, 41.226089], [0.810525, 41.014732], [-0.278711, 39.309978], [0.111291, 38.738514], [-0.467124, 38.292366], [-0.683389, 37.642354], [-1.438382, 37.443064], [-2.146453, 36.674144], [-4.368901, 36.677839], [-5.37716, 35.94685], [-5.866432, 36.029817], [-6.520191, 36.942913], [-8.898857, 36.868809], [-8.839998, 38.266243], [-9.287464, 38.358486]]], [[[8.428302, 39.171847], [8.159998, 40.950007], [9.210012, 41.209991], [9.809975, 40.500009], [9.669519, 39.177376], [8.806936, 38.906618], [8.428302, 39.171847]]], [[[8.544213, 42.256517], [9.390001, 43.009985], [9.560016, 42.152492], [9.229752, 41.380007], [8.775723, 41.583612], [8.544213, 42.256517]]], [[[-9.688525, 53.881363], [-7.572168, 55.131622], [-6.733847, 55.17286], [-5.661949, 54.554603], [-6.197885, 53.867565], [-6.032985, 53.153164], [-6.788857, 52.260118], [-8.561617, 51.669301], [-9.977086, 51.820455], [-9.166283, 52.864629], [-9.688525, 53.881363]]], [[[-5.082527, 55.061601], [-4.719112, 55.508473], [-5.047981, 55.783986], [-5.586398, 55.311146], [-5.644999, 56.275015], [-6.149981, 56.78501], [-5.786825, 57.818848], [-5.009999, 58.630013], [-3.005005, 58.635], [-4.073828, 57.553025], [-1.959281, 57.6848], [-2.219988, 56.870017], [-3.119003, 55.973793], [-2.085009, 55.909998], [-1.114991, 54.624986], [-0.430485, 54.464376], [0.469977, 52.929999], [1.681531, 52.73952], [1.559988, 52.099998], [1.050562, 51.806761], [1.449865, 51.289428], [0.550334, 50.765739], [-2.489998, 50.500019], [-2.956274, 50.69688], [-3.617448, 50.228356], [-4.542508, 50.341837], [-5.245023, 49.96], [-5.776567, 50.159678], [-4.30999, 51.210001], [-3.414851, 51.426009], [-4.984367, 51.593466], [-5.267296, 51.9914], [-4.222347, 52.301356], [-4.770013, 52.840005], [-4.579999, 53.495004], [-3.09208, 53.404441], [-2.945009, 53.985], [-3.630005, 54.615013], [-5.082527, 55.061601]]], [[[12.690006, 55.609991], [12.089991, 54.800015], [11.043543, 55.364864], [10.903914, 55.779955], [12.370904, 56.111407], [12.690006, 55.609991]]], [[[-17.794438, 63.678749], [-22.762972, 63.960179], [-21.778484, 64.402116], [-23.955044, 64.89113], [-22.184403, 65.084968], [-22.227423, 65.378594], [-24.326184, 65.611189], [-23.650515, 66.262519], [-22.134922, 66.410469], [-20.576284, 65.732112], [-19.056842, 66.276601], [-17.798624, 65.993853], [-16.167819, 66.526792], [-14.508695, 66.455892], [-14.739637, 65.808748], [-13.609732, 65.126671], [-14.909834, 64.364082], [-17.794438, 63.678749]]], [[[-170.89107, 65.54139], [-172.53025, 65.43791], [-172.555, 64.46079], [-172.95533, 64.25269], [-175.98353, 64.92288], [-176.20716, 65.35667], [-178.35993, 65.39052], [-178.90332, 65.74044], [-178.68611, 66.11211], [-179.88377, 65.87456], [-179.43268, 65.40411], [-180.0, 64.979709], [-180.0, 68.963636], [-174.92825, 67.20589], [-175.01425, 66.58435], [-174.33983, 66.33556], [-174.57182, 67.06219], [-171.85731, 66.91308], [-169.89958, 65.97724], [-170.89107, 65.54139]]], [[[-177.663575, 71.13277], [-180.0, 70.832199], [-180.0, 71.515714], [-179.02433, 71.55553], [-177.663575, 71.13277]]], [[[15.099988, 36.619987], [12.431004, 37.61295], [12.570944, 38.126381], [15.520376, 38.231155], [15.099988, 36.619987]]], [[[23.28134, 78.07954], [24.72412, 77.85385], [22.49032, 77.44493], [20.72601, 77.67704], [21.41611, 77.93504], [20.8119, 78.25463], [22.88426, 78.45494], [23.28134, 78.07954]]], [[[18.47172, 77.82669], [17.59441, 77.63796], [17.1182, 76.80941], [15.91315, 76.77045], [13.76259, 77.38035], [14.66956, 77.73565], [11.22231, 78.8693], [10.44453, 79.65239], [13.17077, 80.01046], [13.71852, 79.66039], [15.14282, 79.67431], [15.52255, 80.01608], [16.99085, 80.05086], [21.54383, 78.95611], [19.02737, 78.5626], [18.47172, 77.82669]]], [[[17.368015, 80.318896], [20.455992, 80.598156], [21.907945, 80.357679], [22.919253, 80.657144], [27.407506, 80.056406], [25.924651, 79.517834], [23.024466, 79.400012], [20.075188, 79.566823], [19.897266, 79.842362], [18.462264, 79.85988], [17.368015, 80.318896]]], [[[23.69998, 35.705004], [25.745023, 35.179998], [26.290003, 35.29999], [26.164998, 35.004995], [24.724982, 34.919988], [23.514978, 35.279992], [23.69998, 35.705004]]], [[[142.558668, 47.861575], [143.533492, 46.836728], [143.505277, 46.137908], [142.747701, 46.740765], [142.09203, 45.966755], [141.906925, 46.805929], [142.179983, 50.952342], [141.594076, 51.935435], [141.682546, 53.301966], [142.606934, 53.762145], [142.209749, 54.225476], [142.654786, 54.365881], [143.260848, 52.74076], [143.235268, 51.75666], [144.654148, 48.976391], [143.173928, 49.306551], [142.558668, 47.861575]]], [[[180.0, 70.832199], [178.903425, 70.78114], [178.7253, 71.0988], [180.0, 71.515714], [180.0, 70.832199]]], [[[140.038155, 73.31692], [140.81171, 73.76506], [142.06207, 73.85758], [143.60385, 73.21244], [140.038155, 73.31692]]], [[[61.170044, 76.251883], [68.15706, 76.939697], [68.852211, 76.544811], [61.583508, 75.260885], [58.477082, 74.309056], [55.419336, 72.371268], [55.622838, 71.540595], [57.535693, 70.720464], [53.677375, 70.762658], [53.412017, 71.206662], [51.601895, 71.474759], [51.455754, 72.014881], [52.478275, 72.229442], [52.444169, 72.774731], [54.427614, 73.627548], [53.50829, 73.749814], [55.902459, 74.627486], [55.631933, 75.081412], [61.170044, 76.251883]]], [[[146.358485, 75.49682], [150.73167, 75.08406], [149.575925, 74.68892], [146.11919, 75.17298], [146.358485, 75.49682]]], [[[136.97439, 75.26167], [137.51176, 75.94917], [138.831075, 76.13676], [145.086285, 75.562625], [144.3, 74.82], [138.95544, 74.61148], [136.97439, 75.26167]]], [[[102.837815, 79.28129], [105.37243, 78.71334], [105.07547, 78.30689], [99.43814, 77.921], [101.2649, 79.23399], [102.837815, 79.28129]]], [[[94.97259, 79.044745], [93.31288, 79.4265], [92.5454, 80.14379], [91.18107, 80.34146], [95.940895, 81.2504], [100.186655, 79.780135], [99.93976, 78.88094], [94.97259, 79.044745]]], [[[51.522933, 80.699726], [47.586119, 80.010181], [46.502826, 80.247247], [47.072455, 80.559424], [44.846958, 80.58981], [48.318477, 80.78401], [48.522806, 80.514569], [50.039768, 80.918885], [51.522933, 80.699726]]]]}}, {"type": "Feature", "id": "africa", "properties": {"preset_id": "africa", "name": "Africa"}, "geometry": {"type": "MultiPolygon", "coordinates": [[[[-9.004794, 4.832419], [-12.949049, 7.798646], [-13.24655, 8.903049], [-14.579699, 10.214467], [-14.839554, 10.876572], [-16.085214, 11.524594], [-16.613838, 12.170911], [-16.713729, 13.594959], [-17.625043, 14.729541], [-16.700706, 15.621527], [-16.270552, 17.166963], [-16.277838, 20.092521], [-17.063423, 20.999752], [-16.973248, 21.885745], [-16.261922, 22.67934], [-15.982611, 23.723358], [-15.089332, 24.520261], [-14.43994, 26.254418], [-13.773805, 26.618892], [-13.139942, 27.640148], [-12.618837, 28.038186], [-11.688919, 28.148644], [-9.564811, 29.933574], [-9.814718, 31.177736], [-9.300693, 32.564679], [-8.657476, 33.240245], [-6.912544, 34.110476], [-5.929994, 35.759988], [-5.193863, 35.755182], [-4.591006, 35.330712], [-2.169914, 35.168396], [1.466919, 36.605647], [5.32012, 36.716519], [6.26182, 37.110655], [7.737078, 36.885708], [9.509994, 37.349994], [10.210002, 37.230002], [10.18065, 36.724038], [11.028867, 37.092103], [10.600005, 36.41], [10.593287, 35.947444], [10.939519, 35.698984], [10.807847, 34.833507], [10.149593, 34.330773], [10.339659, 33.785742], [10.856836, 33.76874], [11.488787, 33.136996], [15.24563, 32.26508], [15.71394, 31.37626], [19.08641, 30.26639], [20.05335, 30.98576], [19.82033, 31.75179], [20.13397, 32.2382], [21.54298, 32.8432], [22.89576, 32.63858], [23.2368, 32.19149], [24.92114, 31.89936], [25.16482, 31.56915], [26.49533, 31.58568], [28.91353, 30.87005], [30.97693, 31.55586], [31.68796, 31.4296], [31.96041, 30.9336], [32.19247, 31.26034], [33.7734, 30.96746], [34.26544, 31.21936], [34.9226, 29.50133], [34.15451, 27.8233], [33.92136, 27.6487], [33.13676, 28.41765], [32.42323, 29.85108], [32.73482, 28.70523], [35.69241, 23.92671], [35.52598, 23.10244], [36.86623, 22.0], [37.48179, 18.61409], [38.41009, 17.998307], [39.26611, 15.922723], [43.317852, 12.390148], [43.286381, 11.974928], [42.715874, 11.735641], [44.117804, 10.445538], [44.614259, 10.442205], [50.25878, 11.67957], [50.73202, 12.0219], [51.1112, 12.02464], [51.13387, 11.74815], [50.55239, 9.19874], [48.59455, 5.33911], [46.56476, 2.85529], [43.13597, 0.2922], [41.58513, -1.68325], [40.26304, -2.57309], [39.60489, -4.34653], [39.20222, -4.67677], [38.79977, -6.47566], [39.44, -6.84], [39.18652, -8.48551], [40.478387, -10.765441], [40.775475, -14.691764], [39.452559, -16.720891], [37.411133, -17.586368], [34.786383, -19.784012], [34.701893, -20.497043], [35.562546, -22.09], [35.458746, -24.12261], [32.574632, -25.727318], [32.915955, -26.215867], [32.203389, -28.752405], [28.219756, -32.771953], [25.780628, -33.944646], [22.574157, -33.864083], [20.071261, -34.795137], [18.377411, -34.136521], [17.92519, -32.611291], [18.24791, -32.429131], [18.221762, -31.661633], [15.210472, -27.090956], [14.257714, -22.111208], [11.794919, -18.069129], [11.778537, -15.793816], [12.500095, -13.5477], [13.633721, -12.038645], [13.686379, -10.731076], [12.87537, -9.166934], [13.236433, -8.562629], [11.914963, -5.037987], [8.797996, -1.111301], [9.795196, 3.073404], [9.404367, 3.734527], [8.948116, 3.904129], [8.500288, 4.771983], [5.898173, 4.262453], [4.325607, 6.270651], [1.865241, 6.142158], [-1.964707, 4.710462], [-4.649917, 5.168264], [-7.974107, 4.355755], [-9.004794, 4.832419]]], [[[50.200275, -16.000263], [49.860606, -15.414253], [49.774564, -16.875042], [47.095761, -24.94163], [45.409508, -25.601434], [44.03972, -24.988345], [43.254187, -22.057413], [44.374325, -20.072366], [43.963084, -17.409945], [44.446517, -16.216219], [46.312243, -15.780018], [47.70513, -14.594303], [48.005215, -14.091233], [47.869047, -13.663869], [48.293828, -13.784068], [49.194651, -12.040557], [50.056511, -13.555761], [50.476537, -15.226512], [50.200275, -16.000263]]]]}}, {"type": "Feature", "id": "asia", "properties": {"preset_id": "asia", "name": "Asia"}, "geometry": {"type": "MultiPolygon", "coordinates": [[[[48.679231, 14.003202], [45.62505, 13.290946], [44.989533, 12.699587], [43.482959, 12.6368], [42.604873, 15.213335], [42.779332, 16.347891], [42.270888, 17.474722], [41.754382, 17.833046], [40.939341, 19.486485], [39.801685, 20.338862], [39.139399, 21.291905], [39.066329, 22.579656], [38.492772, 23.688451], [37.483635, 24.285495], [36.931627, 25.602959], [35.130187, 28.063352], [34.632336, 28.058546], [34.956037, 29.356555], [34.265433, 31.219361], [35.998403, 34.644914], [36.149763, 35.821535], [35.782085, 36.274995], [36.160822, 36.650606], [34.714553, 36.795532], [34.026895, 36.21996], [32.509158, 36.107564], [31.699595, 36.644275], [30.621625, 36.677865], [30.391096, 36.262981], [29.699976, 36.144357], [28.732903, 36.676831], [27.641187, 36.658822], [26.318218, 38.208133], [26.8047, 38.98576], [26.170785, 39.463612], [27.28002, 40.420014], [28.819978, 40.460011], [29.240004, 41.219991], [31.145934, 41.087622], [33.513283, 42.01896], [35.167704, 42.040225], [38.347665, 40.948586], [40.373433, 41.013673], [41.554084, 41.535656], [41.703171, 41.962943], [41.45347, 42.645123], [40.321394, 43.128634], [40.076965, 43.553104], [42.3944, 43.2203], [43.93121, 42.55496], [45.470279, 42.502781], [47.373315, 41.219732], [47.815666, 41.151416], [48.584353, 41.808869], [49.618915, 40.572924], [50.392821, 40.256561], [49.569202, 40.176101], [49.223228, 39.049219], [48.856532, 38.815486], [49.199612, 37.582874], [50.842354, 36.872814], [52.264025, 36.700422], [53.82579, 36.965031], [53.880929, 38.952093], [53.101028, 39.290574], [53.357808, 39.975286], [52.693973, 40.033629], [52.915251, 40.876523], [53.858139, 40.631034], [54.736845, 40.951015], [53.721713, 42.123191], [52.91675, 41.868117], [52.814689, 41.135371], [52.501426, 42.792298], [51.342427, 43.132975], [50.305643, 44.609836], [51.278503, 44.514854], [51.316899, 45.245998], [53.040876, 45.259047], [53.042737, 46.853006], [51.191945, 47.048705], [49.10116, 46.39933], [48.59325, 46.56104], [48.694734, 47.075628], [48.05725, 47.74377], [47.31524, 47.71585], [46.466446, 48.394152], [47.54948, 50.454698], [48.577841, 49.87476], [48.702382, 50.605128], [50.766648, 51.692762], [52.328724, 51.718652], [55.71694, 50.62171], [56.77798, 51.04355], [58.36332, 51.06364], [59.642282, 50.545442], [59.932807, 50.842194], [61.337424, 50.79907], [61.588003, 51.272659], [59.967534, 51.96042], [60.927269, 52.447548], [60.739993, 52.719986], [61.699986, 52.979996], [60.978066, 53.664993], [61.4366, 54.00625], [65.178534, 54.354228], [69.068167, 55.38525], [70.865267, 55.169734], [71.180131, 54.133285], [72.22415, 54.376655], [73.508516, 54.035617], [73.425679, 53.48981], [74.38482, 53.54685], [76.8911, 54.490524], [76.525179, 54.177003], [77.800916, 53.404415], [80.03556, 50.864751], [80.568447, 51.388336], [81.945986, 50.812196], [83.383004, 51.069183], [85.54127, 49.692859], [86.829357, 49.826675], [87.35997, 49.214981], [88.805567, 49.470521], [92.234712, 50.802171], [94.147566, 50.480537], [94.815949, 50.013433], [97.25976, 49.72605], [98.231762, 50.422401], [97.82574, 51.010995], [98.861491, 52.047366], [102.06521, 51.25991], [102.25589, 50.51056], [103.676545, 50.089966], [106.888804, 50.274296], [108.475167, 49.282548], [110.662011, 49.130128], [112.89774, 49.543565], [114.362456, 50.248303], [115.485695, 49.805177], [116.678801, 49.888531], [117.879244, 49.510983], [119.288461, 50.142883], [119.27939, 50.58292], [120.7382, 51.96411], [120.725789, 52.516226], [120.177089, 52.753886], [121.003085, 53.251401], [123.57147, 53.4588], [125.946349, 52.792799], [127.6574, 49.76027], [129.397818, 49.4406], [130.582293, 48.729687], [130.98726, 47.79013], [132.50669, 47.78896], [135.026311, 48.47823], [133.09712, 45.14409], [131.883454, 45.321162], [131.02519, 44.96796], [131.288555, 44.11152], [131.144688, 42.92999], [130.633866, 42.903015], [130.779992, 42.22001], [130.400031, 42.280004], [129.667362, 41.601104], [129.705189, 40.882828], [127.533436, 39.75685], [127.385434, 39.213472], [128.349716, 38.612243], [129.46045, 36.784189], [129.468304, 35.632141], [129.091377, 35.082484], [126.485748, 34.390046], [126.559231, 35.684541], [126.117398, 36.725485], [126.860143, 36.893924], [126.174759, 37.749686], [125.689104, 37.94001], [125.27533, 37.669071], [124.712161, 38.108346], [125.221949, 38.665857], [125.321116, 39.551385], [124.265625, 39.928493], [121.054554, 38.897471], [121.585995, 39.360854], [121.376757, 39.750261], [122.168595, 40.422443], [121.640359, 40.94639], [119.639602, 39.898056], [119.023464, 39.252333], [118.042749, 39.204274], [117.532702, 38.737636], [118.059699, 38.061476], [118.87815, 37.897325], [118.911636, 37.448464], [119.702802, 37.156389], [120.823457, 37.870428], [122.357937, 37.454484], [122.519995, 36.930614], [121.104164, 36.651329], [119.151208, 34.909859], [120.227525, 34.360332], [121.908146, 31.692174], [121.891919, 30.949352], [121.264257, 30.676267], [121.503519, 30.142915], [122.092114, 29.83252], [121.938428, 29.018022], [121.684439, 28.225513], [121.125661, 28.135673], [118.656871, 24.547391], [115.890735, 22.782873], [114.763827, 22.668074], [114.152547, 22.22376], [113.80678, 22.54834], [113.241078, 22.051367], [110.785466, 21.397144], [110.444039, 20.341033], [109.889861, 20.282457], [109.627655, 21.008227], [109.864488, 21.395051], [108.522813, 21.715212], [106.715068, 20.696851], [105.881682, 19.75205], [105.662006, 19.058165], [107.361954, 16.697457], [108.877107, 15.276691], [109.33527, 13.426028], [109.200136, 11.666859], [105.158264, 8.59976], [104.795185, 9.241038], [105.076202, 9.918491], [104.334335, 10.486544], [103.49728, 10.632555], [102.584932, 12.186595], [101.687158, 12.64574], [100.83181, 12.627085], [100.978467, 13.412722], [100.097797, 13.406856], [100.018733, 12.307001], [99.153772, 9.963061], [99.222399, 9.239255], [99.873832, 9.207862], [100.459274, 7.429573], [102.961705, 5.524495], [103.381215, 4.855001], [103.502448, 2.791019], [104.228811, 1.293048], [103.519707, 1.226334], [101.390638, 2.760814], [100.196706, 5.312493], [100.085757, 6.464489], [98.503786, 8.382305], [98.339662, 7.794512], [98.150009, 8.350007], [98.764546, 11.441292], [98.428339, 12.032987], [98.509574, 13.122378], [98.103604, 13.64046], [97.16454, 16.928734], [95.369352, 15.71439], [94.188804, 16.037936], [94.533486, 17.27724], [94.324817, 18.213514], [93.540988, 19.366493], [93.663255, 19.726962], [93.078278, 19.855145], [92.368554, 20.670883], [91.417087, 22.765019], [90.496006, 22.805017], [90.272971, 21.836368], [89.031961, 22.055708], [88.888766, 21.690588], [86.975704, 21.495562], [87.033169, 20.743308], [86.499351, 20.151638], [85.060266, 19.478579], [82.192792, 17.016636], [82.191242, 16.556664], [80.324896, 15.899185], [80.025069, 15.136415], [80.286294, 13.006261], [79.862547, 12.056215], [79.857999, 10.357275], [79.340512, 10.308854], [78.885345, 9.546136], [79.18972, 9.216544], [78.277941, 8.933047], [77.539898, 7.965535], [76.592979, 8.899276], [75.746467, 11.308251], [74.864816, 12.741936], [74.443859, 14.617222], [73.534199, 15.990652], [72.630533, 21.356009], [71.175273, 20.757441], [70.470459, 20.877331], [69.16413, 22.089298], [69.644928, 22.450775], [69.349597, 22.84318], [67.443667, 23.944844], [66.372828, 25.425141], [61.497363, 25.078237], [57.397251, 25.739902], [56.970766, 26.966106], [56.492139, 27.143305], [54.71509, 26.480658], [53.493097, 26.812369], [52.483598, 27.580849], [51.520763, 27.86569], [50.115009, 30.147773], [49.57685, 29.985715], [48.941333, 30.31709], [48.567971, 29.926778], [47.974519, 29.975819], [48.416094, 28.552004], [48.807595, 27.689628], [50.152422, 26.689663], [50.113303, 25.943972], [50.810108, 24.754743], [51.013352, 26.006992], [51.589079, 25.801113], [51.389608, 24.627386], [51.794389, 24.019826], [54.008001, 24.121758], [56.362017, 26.395934], [56.396847, 24.924732], [56.84514, 24.241673], [58.729211, 23.565668], [59.806148, 22.310525], [58.487986, 20.428986], [57.826373, 20.243002], [57.694391, 18.94471], [56.609651, 18.574267], [56.283521, 17.876067], [55.661492, 17.884128], [54.791002, 16.950697], [54.239253, 17.044981], [52.385206, 16.382411], [52.168165, 15.59742], [49.574576, 14.708767], [48.679231, 14.003202]]], [[[32.256667, 35.103232], [32.946961, 35.386703], [34.576474, 35.671596], [33.900804, 35.245756], [34.004881, 34.978098], [32.979827, 34.571869], [32.256667, 35.103232]]], [[[27.619017, 40.999823], [26.358009, 40.151994], [26.056942, 40.824123], [26.604196, 41.562115], [26.117042, 41.826905], [27.135739, 42.141485], [27.99672, 42.007359], [28.115525, 41.622886], [28.988443, 41.299934], [28.806438, 41.054962], [27.619017, 40.999823]]], [[[117.632024, -8.449303], [117.900018, -8.095681], [118.87846, -8.280683], [119.126507, -8.705825], [116.740141, -9.032937], [117.083737, -8.457158], [117.632024, -8.449303]]], [[[115.705527, -8.370807], [114.564511, -8.751817], [113.464734, -8.348947], [108.277763, -7.766657], [106.454102, -7.3549], [106.280624, -6.9249], [105.365486, -6.851416], [106.051646, -5.895919], [107.265009, -5.954985], [108.486846, -6.421985], [108.623479, -6.777674], [110.539227, -6.877358], [110.759576, -6.465186], [112.614811, -6.946036], [112.978768, -7.594213], [114.478935, -7.776528], [115.705527, -8.370807]]], [[[105.817655, -5.852356], [104.710384, -5.873285], [102.584261, -4.220259], [99.26374, 0.183142], [98.601351, 1.823507], [95.380876, 4.970782], [95.293026, 5.479821], [97.484882, 5.246321], [100.641434, 2.099381], [101.658012, 2.083697], [103.838396, 0.104542], [103.437645, -0.711946], [104.369991, -1.084843], [104.887893, -2.340425], [105.622111, -2.428844], [106.108593, -3.061777], [105.817655, -5.852356]]], [[[117.478339, 0.102475], [117.521644, -0.803723], [116.560048, -1.487661], [116.148084, -4.012726], [116.000858, -3.657037], [114.864803, -4.106984], [114.468652, -3.495704], [113.256994, -3.118776], [112.068126, -3.478392], [111.703291, -2.994442], [110.223846, -2.934032], [110.070936, -1.592874], [109.091874, -0.459507], [108.952658, 0.415375], [109.069136, 1.341934], [109.66326, 2.006467], [110.396135, 1.663775], [111.168853, 1.850637], [111.370081, 2.697303], [112.995615, 3.102395], [116.725103, 6.924771], [117.129626, 6.928053], [117.689075, 5.98749], [119.181904, 5.407836], [119.110694, 5.016128], [118.439727, 4.966519], [118.618321, 4.478202], [117.882035, 4.137551], [117.313232, 3.234428], [118.04833, 2.28769], [117.875627, 1.827641], [118.996747, 0.902219], [117.811858, 0.784242], [117.478339, 0.102475]]], [[[80.147801, 9.824078], [80.838818, 9.268427], [81.787959, 7.523055], [81.637322, 6.481775], [80.348357, 5.96837], [79.872469, 6.763463], [79.695167, 8.200843], [80.147801, 9.824078]]], [[[119.689677, 10.554291], [118.504581, 9.316383], [117.174275, 8.3675], [119.511496, 11.369668], [119.689677, 10.554291]]], [[[111.010051, 19.69593], [110.339188, 18.678395], [109.47521, 18.197701], [108.655208, 18.507682], [108.626217, 19.367888], [109.119056, 19.821039], [110.786551, 20.077534], [111.010051, 19.69593]]], [[[120.715609, -10.239581], [118.967808, -9.557969], [119.90031, -9.36134], [120.775502, -9.969675], [120.715609, -10.239581]]], [[[123.980009, -9.290027], [125.947072, -8.432095], [127.335928, -8.397317], [125.08852, -9.393173], [124.43595, -10.140001], [123.459989, -10.239995], [123.980009, -9.290027]]], [[[120.715092, -8.236965], [121.341669, -8.53674], [122.903537, -8.094234], [122.756983, -8.649808], [119.924391, -8.810418], [119.920929, -8.444859], [120.715092, -8.236965]]], [[[134.210134, -6.895238], [134.112776, -6.142467], [134.499625, -5.445042], [134.724624, -6.214401], [134.210134, -6.895238]]], [[[137.614474, -8.411683], [138.039099, -7.597882], [138.668621, -7.320225], [137.92784, -5.393366], [135.164598, -4.462931], [133.66288, -3.538853], [132.983956, -4.112979], [132.753789, -3.311787], [131.989804, -2.820551], [133.780031, -2.479848], [133.696212, -2.214542], [132.232373, -2.212526], [131.836222, -1.617162], [130.94284, -1.432522], [130.519558, -0.93772], [132.380116, -0.369538], [133.985548, -0.78021], [134.422627, -2.769185], [135.457603, -3.367753], [136.293314, -2.307042], [137.440738, -1.703513], [138.329727, -1.702686], [141.00021, -2.600151], [141.033852, -9.117893], [140.143415, -8.297168], [139.127767, -8.096043], [138.881477, -8.380935], [137.614474, -8.411683]]], [[[126.183802, -3.607376], [125.989034, -3.177273], [127.000651, -3.129318], [127.249215, -3.459065], [126.874923, -3.790983], [126.183802, -3.607376]]], [[[127.898891, -3.393436], [128.135879, -2.84365], [129.370998, -2.802154], [130.471344, -3.093764], [130.834836, -3.858472], [129.990547, -3.446301], [127.898891, -3.393436]]], [[[124.437035, 0.427881], [120.183083, 0.237247], [120.04087, -0.519658], [120.935905, -1.408906], [121.475821, -0.955962], [123.340565, -0.615673], [123.258399, -1.076213], [122.822715, -0.930951], [122.38853, -1.516858], [121.508274, -1.904483], [122.454572, -3.186058], [122.271896, -3.5295], [123.170963, -4.683693], [123.162333, -5.340604], [122.628515, -5.634591], [122.236394, -5.282933], [122.719569, -4.464172], [121.738234, -4.851331], [121.489463, -4.574553], [121.619171, -4.188478], [120.898182, -3.602105], [120.972389, -2.627643], [120.305453, -2.931604], [120.430717, -5.528241], [119.796543, -5.6734], [119.366906, -5.379878], [119.653606, -4.459417], [119.498835, -3.494412], [119.078344, -3.487022], [118.767769, -2.801999], [120.035702, 0.566477], [120.885779, 1.309223], [122.927567, 0.875192], [124.077522, 0.917102], [125.065989, 1.643259], [125.240501, 1.419836], [124.437035, 0.427881]]], [[[127.968034, -0.252077], [128.379999, -0.780004], [128.100016, -0.899996], [127.696475, -0.266598], [127.39949, 1.011722], [127.932378, 2.174596], [128.004156, 1.628531], [128.594559, 1.540811], [128.688249, 1.132386], [128.635952, 0.258486], [128.12017, 0.356413], [127.968034, -0.252077]]], [[[125.683161, 6.049657], [125.396512, 5.581003], [124.219788, 6.161355], [123.93872, 6.885136], [124.243662, 7.36061], [123.610212, 7.833527], [122.085499, 6.899424], [121.919928, 7.192119], [122.312359, 8.034962], [123.487688, 8.69301], [123.841154, 8.240324], [124.60147, 8.514158], [124.764612, 8.960409], [125.471391, 8.986997], [125.412118, 9.760335], [126.222714, 9.286074], [126.537424, 7.189381], [126.196773, 6.274294], [125.831421, 7.293715], [125.363852, 6.786485], [125.683161, 6.049657]]], [[[123.982438, 10.278779], [122.995883, 9.022189], [122.380055, 9.713361], [122.947411, 10.881868], [123.49885, 10.940624], [123.337774, 10.267384], [124.077936, 11.232726], [123.982438, 10.278779]]], [[[122.00261, 10.441017], [121.883548, 11.891755], [123.120217, 11.58366], [122.637714, 10.741308], [122.00261, 10.441017]]], [[[124.760168, 10.837995], [124.459101, 10.88993], [124.302522, 11.495371], [124.891013, 11.415583], [124.87799, 11.79419], [124.266762, 12.557761], [125.227116, 12.535721], [125.502552, 12.162695], [125.783465, 11.046122], [125.011884, 11.311455], [125.277449, 10.358722], [124.801819, 10.134679], [124.760168, 10.837995]]], [[[120.323436, 13.466413], [121.180128, 13.429697], [121.527394, 13.06959], [121.26219, 12.20556], [120.323436, 13.466413]]], [[[121.728829, 14.328376], [122.701276, 14.336541], [123.950295, 13.782131], [124.077419, 12.536677], [122.928652, 13.55292], [122.671355, 13.185836], [122.03465, 13.784482], [120.628637, 13.857656], [120.991819, 14.525393], [120.693336, 14.756671], [120.564145, 14.396279], [120.070429, 14.970869], [119.883773, 16.363704], [120.286488, 16.034629], [120.715867, 18.505227], [121.937601, 18.218552], [122.246006, 18.47895], [122.336957, 18.224883], [122.174279, 17.810283], [122.515654, 17.093505], [122.252311, 16.262444], [121.662786, 15.931018], [121.728829, 14.328376]]], [[[121.951244, 24.997596], [121.175632, 22.790857], [120.74708, 21.970571], [120.106189, 23.556263], [121.495044, 25.295459], [121.951244, 24.997596]]], [[[133.79295, 33.521985], [133.280268, 33.28957], [133.014858, 32.704567], [132.363115, 32.989382], [132.371176, 33.463642], [132.924373, 34.060299], [133.492968, 33.944621], [133.904106, 34.364931], [134.638428, 34.149234], [134.766379, 33.806335], [134.203416, 33.201178], [133.79295, 33.521985]]], [[[138.975528, 34.6676], [137.217599, 34.606286], [135.792983, 33.464805], [135.120983, 33.849071], [135.079435, 34.596545], [130.986145, 33.885761], [132.000036, 33.149992], [131.33279, 31.450355], [130.686318, 31.029579], [130.20242, 31.418238], [130.447676, 32.319475], [129.814692, 32.61031], [129.408463, 33.296056], [130.353935, 33.604151], [132.617673, 35.433393], [134.608301, 35.731618], [135.677538, 35.527134], [136.723831, 37.304984], [137.390612, 36.827391], [139.426405, 38.215962], [140.05479, 39.438807], [139.883379, 40.563312], [140.305783, 41.195005], [141.368973, 41.37856], [141.914263, 39.991616], [141.884601, 39.180865], [140.959489, 38.174001], [140.976388, 37.142074], [140.59977, 36.343983], [140.774074, 35.842877], [140.253279, 35.138114], [138.975528, 34.6676]]], [[[130.780005, 42.22001], [130.780007, 42.220007], [130.780004, 42.220008], [130.780005, 42.22001]]], [[[139.955106, 41.569556], [139.817544, 42.563759], [140.312087, 43.333273], [141.380549, 43.388825], [141.967645, 45.551483], [143.910162, 44.1741], [144.613427, 43.960883], [145.320825, 44.384733], [145.543137, 43.262088], [144.059662, 42.988358], [143.18385, 41.995215], [141.611491, 42.678791], [141.067286, 41.584594], [139.955106, 41.569556]]]]}}, {"type": "Feature", "id": "oceania", "properties": {"preset_id": "oceania", "name": "Oceania"}, "geometry": {"type": "MultiPolygon", "coordinates": [[[[147.914052, -43.211522], [147.564564, -42.937689], [146.870343, -43.634597], [146.048378, -43.549745], [144.718071, -41.162552], [144.743755, -40.703975], [146.364121, -41.137695], [148.289068, -40.875438], [148.359865, -42.062445], [147.914052, -43.211522]]], [[[123.659667, -33.890179], [119.893695, -33.976065], [118.024972, -35.064733], [116.625109, -35.025097], [115.026809, -34.196517], [115.048616, -33.623425], [115.714674, -33.259572], [115.801645, -32.205062], [115.040038, -29.461095], [113.338953, -26.116545], [113.778358, -26.549025], [113.440962, -25.621278], [114.232852, -26.298446], [113.393523, -24.384764], [113.843418, -23.059987], [113.736552, -22.475475], [114.149756, -21.755881], [114.225307, -22.517488], [114.647762, -21.82952], [116.711615, -20.701682], [117.441545, -20.746899], [119.252494, -19.952942], [120.85622, -19.683708], [122.241665, -18.197649], [122.312772, -17.254967], [123.012574, -16.4052], [123.433789, -17.268558], [123.859345, -17.069035], [123.503242, -16.596506], [123.817073, -16.111316], [124.258287, -16.327944], [124.379726, -15.56706], [125.685796, -14.230656], [126.125149, -14.347341], [126.142823, -14.095987], [127.065867, -13.817968], [128.35969, -14.86917], [129.621473, -14.969784], [129.4096, -14.42067], [130.339466, -13.357376], [130.183506, -13.10752], [130.617795, -12.536392], [131.223495, -12.183649], [132.575298, -12.114041], [132.557212, -11.603012], [131.824698, -11.273782], [132.357224, -11.128519], [135.298491, -12.248606], [136.492475, -11.857209], [136.95162, -12.351959], [136.305407, -13.29123], [135.961758, -13.324509], [136.077617, -13.724278], [135.500184, -14.997741], [140.215245, -17.710805], [140.875463, -17.369069], [141.274095, -16.38887], [141.702183, -15.044921], [141.68699, -12.407614], [142.51526, -10.668186], [143.522124, -12.834358], [143.922099, -14.548311], [144.563714, -14.171176], [145.374724, -14.984976], [145.48526, -16.285672], [146.387478, -18.958274], [148.848414, -20.39121], [148.717465, -20.633469], [149.678337, -22.342512], [150.077382, -22.122784], [150.482939, -22.556142], [150.727265, -22.402405], [150.899554, -23.462237], [152.855197, -25.267501], [153.136162, -26.071173], [153.092909, -27.2603], [153.569469, -28.110067], [152.891578, -31.640446], [152.450002, -32.550003], [151.709117, -33.041342], [150.32822, -35.671879], [149.997284, -37.425261], [149.423882, -37.772681], [148.304622, -37.809061], [146.317922, -39.035757], [144.876976, -38.417448], [145.032212, -37.896188], [143.609974, -38.809465], [140.638579, -38.019333], [139.992158, -37.402936], [139.574148, -36.138362], [139.082808, -35.732754], [138.120748, -35.612296], [138.449462, -35.127261], [138.207564, -34.384723], [137.71917, -35.076825], [136.829406, -35.260535], [137.890116, -33.640479], [137.810328, -32.900007], [136.372069, -34.094766], [135.989043, -34.890118], [135.208213, -34.47867], [135.239218, -33.947953], [134.085904, -32.848072], [134.273903, -32.617234], [131.326331, -31.495803], [129.535794, -31.590423], [127.102867, -32.282267], [126.148714, -32.215966], [124.221648, -32.959487], [123.659667, -33.890179]]], [[[-179.79332, -16.020882], [-179.917369, -16.501783], [-180.0, -16.555217], [-180.0, -16.067133], [-179.79332, -16.020882]]], [[[159.702945, -9.24295], [160.362956, -9.400304], [160.852229, -9.872937], [159.849447, -9.794027], [159.702945, -9.24295]]], [[[159.917402, -8.53829], [158.21115, -7.421872], [159.640003, -8.020027], [159.917402, -8.53829]]], [[[156.90203, -7.176874], [156.542828, -6.599338], [157.538426, -7.34782], [156.90203, -7.176874]]], [[[145.829786, -4.876498], [145.981922, -5.465609], [147.648073, -6.083659], [147.891108, -6.614015], [146.970905, -6.721657], [147.191874, -7.388024], [148.084636, -8.044108], [148.734105, -9.104664], [149.306835, -9.071436], [149.266631, -9.514406], [150.801628, -10.293687], [150.690575, -10.582713], [147.913018, -10.130441], [146.567881, -8.942555], [146.048481, -8.067414], [144.744168, -7.630128], [143.286376, -8.245491], [143.413913, -8.983069], [142.628431, -9.326821], [141.033852, -9.117893], [141.00021, -2.600151], [144.583971, -3.861418], [145.829786, -4.876498]]], [[[155.599991, -6.919991], [154.729192, -5.900828], [154.652504, -5.042431], [156.019965, -6.540014], [155.599991, -6.919991]]], [[[148.318937, -5.747142], [148.401826, -5.437756], [149.845562, -5.505503], [150.139756, -5.001348], [150.236908, -5.53222], [150.807467, -5.455842], [151.647881, -4.757074], [151.537862, -4.167807], [152.338743, -4.312966], [151.982796, -5.478063], [150.241197, -6.317754], [148.318937, -5.747142]]], [[[152.638673, -4.176127], [151.384279, -3.035422], [150.66205, -2.741486], [150.939965, -2.500002], [152.239989, -3.240009], [153.019994, -3.980015], [153.140038, -4.499983], [152.827292, -4.766427], [152.638673, -4.176127]]], [[[171.948709, -41.514417], [172.097227, -40.956104], [172.79858, -40.493962], [173.247234, -41.331999], [173.958405, -40.926701], [174.247587, -41.349155], [174.248517, -41.770008], [172.711246, -43.372288], [173.080113, -43.853344], [171.452925, -44.242519], [170.616697, -45.908929], [169.332331, -46.641235], [166.676886, -46.219917], [166.509144, -45.852705], [167.046424, -45.110941], [168.303763, -44.123973], [170.52492, -43.031688], [171.948709, -41.514417]]], [[[175.239567, -41.688308], [174.650973, -41.281821], [175.22763, -40.459236], [174.900157, -39.908933], [173.824047, -39.508854], [173.852262, -39.146602], [174.574802, -38.797683], [174.697017, -37.381129], [172.636005, -34.529107], [173.007042, -34.450662], [174.32939, -35.265496], [175.336616, -37.209098], [175.357596, -36.526194], [175.808887, -36.798942], [175.95849, -37.555382], [177.438813, -37.961248], [178.010354, -37.579825], [178.517094, -37.695373], [177.97046, -39.166343], [177.206993, -39.145776], [177.032946, -39.879943], [176.01244, -41.289624], [175.239567, -41.688308]]], [[[166.740035, -22.399976], [164.167995, -20.444747], [164.029606, -20.105646], [165.020036, -20.459991], [167.120011, -22.159991], [166.740035, -22.399976]]], [[[177.38146, -18.16432], [177.28504, -17.72465], [177.67087, -17.38114], [178.3736, -17.33992], [178.71806, -17.62846], [178.55271, -18.15059], [177.38146, -18.16432]]], [[[178.596839, -16.63915], [179.413509, -16.379054], [180.0, -16.067133], [180.0, -16.555217], [178.725059, -17.012042], [178.596839, -16.63915]]], [[[167.216801, -15.891846], [167.844877, -16.466333], [167.515181, -16.59785], [167.216801, -15.891846]]], [[[167.270028, -15.740021], [166.793158, -15.668811], [166.629137, -14.626497], [167.107712, -14.93392], [167.270028, -15.740021]]], [[[161.319797, -10.204751], [162.398646, -10.826367], [161.700032, -10.820011], [161.319797, -10.204751]]], [[[160.920028, -8.320009], [161.679982, -9.599982], [161.529397, -9.784312], [160.579997, -8.320009], [160.920028, -8.320009]]]]}}, {"type": "Feature", "id": "antarctica", "properties": {"preset_id": "antarctica", "name": "Antarctica"}, "geometry": {"type": "MultiPolygon", "coordinates": [[[[-61.883246, -80.39287], [-60.610119, -79.628679], [-59.572095, -80.040179], [-60.159656, -81.000327], [-64.488125, -80.921934], [-66.290031, -80.255773], [-61.883246, -80.39287]]], [[[-46.662857, -77.831476], [-43.920828, -78.478103], [-43.333267, -80.026123], [-50.482107, -81.025442], [-54.164259, -80.633528], [-53.987991, -80.222028], [-50.991326, -79.614623], [-48.660616, -78.047018], [-46.662857, -77.831476]]], [[[-160.246208, -78.693645], [-159.208184, -79.497059], [-161.127601, -79.634209], [-163.712896, -78.595667], [-163.105801, -78.223338], [-160.246208, -78.693645]]], [[[-180.0, -84.71338], [-179.058677, -84.139412], [-177.256772, -84.452933], [-175.829882, -84.117914], [-174.382503, -84.534323], [-172.889106, -84.061019], [-169.951223, -83.884647], [-167.022099, -84.570497], [-158.07138, -85.37391], [-155.192253, -85.09956], [-148.533073, -85.609038], [-143.107718, -85.040752], [-142.892279, -84.570497], [-150.060732, -84.296146], [-150.902928, -83.904232], [-153.586201, -83.68869], [-152.665637, -82.454192], [-152.861517, -82.042692], [-156.83745, -81.102129], [-152.097662, -81.004151], [-150.648293, -81.337309], [-146.417749, -80.337938], [-146.770286, -79.926439], [-149.531901, -79.358205], [-155.329376, -79.064269], [-158.051768, -78.025676], [-158.365134, -76.889207], [-156.974573, -77.300759], [-153.742832, -77.065579], [-152.920247, -77.496664], [-151.33378, -77.398737], [-146.104409, -76.47776], [-146.496091, -75.733154], [-146.20231, -75.380411], [-144.909624, -75.204039], [-144.322037, -75.537197], [-135.214583, -74.302699], [-119.70256, -74.479019], [-117.469801, -74.028348], [-116.216312, -74.243891], [-113.944331, -73.714828], [-112.299083, -74.714198], [-111.261059, -74.420263], [-107.559346, -75.184454], [-104.876074, -74.949326], [-100.645531, -75.302018], [-100.1167, -74.870933], [-101.252703, -74.185083], [-102.545337, -74.106742], [-103.113313, -73.734413], [-103.681289, -72.61753], [-99.13738, -72.911414], [-97.688037, -73.558041], [-96.336595, -73.616849], [-92.439003, -73.166179], [-90.088733, -73.322914], [-89.226951, -72.558722], [-88.423951, -73.009393], [-86.014822, -73.087786], [-85.192236, -73.4797], [-81.470913, -73.851977], [-80.295791, -73.126956], [-76.221879, -73.969541], [-68.935916, -73.009393], [-67.956622, -72.79385], [-67.134036, -72.049244], [-68.544209, -69.717397], [-67.5845, -68.541707], [-67.427843, -68.149844], [-67.741183, -67.326845], [-67.251548, -66.876175], [-63.001394, -64.642308], [-57.811143, -63.27066], [-57.223582, -63.525425], [-59.045073, -64.36801], [-60.611928, -64.309202], [-62.0221, -64.799094], [-62.648858, -65.484942], [-62.120079, -66.190326], [-63.74569, -66.503847], [-65.508425, -67.58161], [-65.665082, -67.953887], [-64.783715, -68.678908], [-63.1973, -69.227556], [-61.806661, -70.716768], [-60.690269, -73.166179], [-60.827367, -73.695242], [-61.96337, -74.439848], [-63.295201, -74.576997], [-64.352836, -75.262847], [-69.797724, -76.222995], [-70.600724, -76.634494], [-77.24037, -76.712887], [-76.926979, -77.104802], [-73.656119, -77.908112], [-77.925858, -78.378419], [-78.023785, -79.181833], [-75.360097, -80.259545], [-59.691416, -82.37585], [-58.222487, -83.218434], [-49.76135, -81.729171], [-42.808363, -82.081915], [-40.771433, -81.356894], [-28.549802, -80.337938], [-29.685805, -79.632503], [-29.685805, -79.260226], [-35.639912, -79.456132], [-35.914107, -79.083855], [-35.77701, -78.339248], [-28.882779, -76.673665], [-22.458598, -76.105431], [-17.522982, -75.125698], [-15.701491, -74.498604], [-15.40771, -74.106742], [-16.46532, -73.871614], [-15.446855, -73.146542], [-12.293508, -72.401936], [-10.295774, -71.265416], [-7.416622, -71.696501], [-6.868232, -70.93231], [-4.341667, -71.461373], [-0.659489, -71.226246], [-0.228637, -71.637745], [6.273912, -70.462055], [7.742866, -69.893769], [8.48711, -70.148534], [9.525135, -70.011333], [10.817821, -70.834332], [13.422778, -69.972162], [14.734998, -70.030918], [15.126757, -70.403247], [15.949342, -70.030918], [19.259373, -69.893769], [21.452985, -70.07014], [22.569403, -70.697182], [27.093726, -70.462055], [31.990172, -69.658641], [33.870419, -68.502588], [36.16201, -69.247142], [37.200035, -69.168748], [38.649404, -69.776205], [41.959434, -68.600514], [46.503343, -67.601196], [47.44344, -67.718759], [48.990736, -67.091718], [50.753471, -66.876175], [50.949325, -66.523484], [51.791547, -66.249133], [54.53355, -65.818049], [56.355041, -65.974783], [58.744508, -67.287675], [61.427806, -67.953887], [62.387489, -68.012695], [64.052349, -67.405239], [68.890038, -67.934302], [69.673453, -69.227556], [69.555941, -69.678226], [67.81274, -70.305268], [67.949889, -70.697182], [69.066307, -70.677545], [67.949889, -71.853287], [69.869307, -72.264787], [71.024895, -72.088415], [73.864877, -69.874183], [77.644904, -69.462684], [79.113859, -68.326216], [82.776426, -67.209282], [86.752359, -67.150474], [87.477017, -66.876175], [87.986289, -66.209911], [88.828408, -66.954568], [89.67063, -67.150474], [94.17542, -67.111303], [95.781472, -67.385653], [99.718182, -67.248504], [102.832411, -65.563284], [106.181561, -66.934931], [110.235835, -66.699804], [113.604673, -65.876805], [115.602381, -66.699804], [119.832924, -67.268089], [123.221296, -66.484261], [128.80328, -66.758611], [134.757387, -66.209963], [135.070753, -65.308571], [135.697485, -65.582869], [136.618049, -66.778197], [137.460271, -66.954568], [145.490427, -66.915346], [146.195552, -67.228867], [145.999699, -67.601196], [146.646067, -67.895131], [148.839629, -68.385024], [152.502247, -68.874813], [153.638199, -68.894502], [154.284567, -68.561292], [156.811132, -69.384291], [159.181013, -69.599833], [161.570479, -70.579618], [167.309095, -70.834332], [171.20679, -71.696501], [169.287321, -73.65602], [166.094803, -74.38104], [164.234193, -75.458804], [163.568239, -76.24258], [163.489897, -77.065579], [164.743464, -78.182514], [166.604126, -78.319611], [166.995781, -78.750748], [161.766385, -79.162248], [159.788211, -80.945395], [163.705336, -82.395435], [168.895665, -83.335998], [169.404782, -83.825891], [172.283934, -84.041433], [173.224083, -84.41371], [175.985672, -84.158997], [180.0, -84.71338], [180.0, -90.0], [-180.0, -90.0], [-180.0, -84.71338]]], [[[-122.406245, -73.324619], [-119.918851, -73.657725], [-118.724143, -73.481353], [-120.232217, -74.08881], [-122.621735, -73.657778], [-122.406245, -73.324619]]], [[[-126.558472, -73.246226], [-124.031882, -73.873268], [-127.28313, -73.461768], [-126.558472, -73.246226]]], [[[-102.330725, -71.894164], [-96.787937, -71.952971], [-96.20035, -72.521205], [-100.783455, -72.50162], [-102.330725, -71.894164]]], [[[-72.074717, -71.190951], [-71.741791, -69.505782], [-71.173815, -69.035475], [-70.253252, -68.87874], [-68.725541, -70.505153], [-68.333834, -71.406493], [-68.784297, -72.170736], [-71.075889, -72.503842], [-72.388134, -72.484257], [-71.8985, -72.092343], [-74.19004, -72.366693], [-74.953895, -72.072757], [-75.012625, -71.661258], [-73.915819, -71.269344], [-72.074717, -71.190951]]]]}}, {"type": "Feature", "id": "otc", "properties": {"preset_id": "otc", "name": "Ozone Transport Region", "members": ["CT", "DE", "ME", "MD", "MA", "NH", "NJ", "NY", "PA", "RI", "VT", "DC"], "authority": "Clean Air Act 184(a) (42 U.S.C. 7511c(a))", "object": "The Ozone Transport REGION. The Ozone Transport Commission is the body that governs it; the region is the only one of the two with a boundary. Virginia holds a seat on the Commission but the statute does not name it as a whole-State member of the Region.", "coverage": "The eleven whole States named by CAA 184(a) -- CT, DE, ME, MD, MA, NH, NJ, NY, PA, RI, VT -- plus the District of Columbia.", "approximation": "EXCLUDES the Virginia portion of the OTR: the Consolidated Metropolitan Statistical Area that includes the District of Columbia, i.e. Arlington, Fairfax, Loudoun, Prince William and Stafford Counties and the Cities of Alexandria, Fairfax, Falls Church, Manassas and Manassas Park (4,127 km2, ~2.5M people). 50m admin-1 data cannot express a partial State. Including whole Virginia instead would over-include 98,689 km2 -- 96.0% of the State, +20.6% of the region, and more land than CT+DE+RI+DC+NH+VT+MA combined. See docs/prds/prd-t60-phase0-gate-verdict.md, V1."}, "geometry": {"type": "MultiPolygon", "coordinates": [[[[-75.097888, 38.298079], [-75.13623, 38.180536], [-75.225791, 38.040339], [-75.252476, 38.03745], [-75.097888, 38.298079]]], [[[-77.480921, 39.112957], [-77.506454, 39.14262], [-77.478856, 39.220864], [-77.53415, 39.265612], [-77.668821, 39.309535], [-77.739045, 39.354337], [-77.762358, 39.429242], [-77.791703, 39.441777], [-77.797438, 39.461465], [-77.779585, 39.488337], [-77.872167, 39.575778], [-77.855423, 39.599706], [-78.027195, 39.631226], [-78.097782, 39.677885], [-78.181135, 39.68574], [-78.406761, 39.627864], [-78.442698, 39.601464], [-78.460265, 39.556134], [-78.495542, 39.533348], [-78.677673, 39.54952], [-78.741669, 39.577898], [-78.753402, 39.589522], [-78.746459, 39.613702], [-78.77777, 39.626622], [-78.814794, 39.570087], [-78.971481, 39.453643], [-79.075345, 39.475989], [-79.293556, 39.311578], [-79.487981, 39.210911], [-79.4775, 39.722797], [-80.519443, 39.722511], [-80.520762, 42.324392], [-80.247576, 42.365997], [-79.173739, 42.74853], [-79.036695, 42.80232], [-78.939236, 42.863744], [-78.915077, 42.90914], [-78.920867, 42.93521], [-79.026181, 43.017322], [-79.029071, 43.061762], [-79.066051, 43.106102], [-79.059228, 43.278061], [-79.171849, 43.466575], [-78.720432, 43.624932], [-76.819962, 43.628788], [-76.464609, 44.057595], [-76.248541, 44.214129], [-76.185787, 44.242232], [-76.151158, 44.303942], [-75.875929, 44.41698], [-75.79196, 44.497049], [-75.401253, 44.772278], [-75.179384, 44.899379], [-74.996143, 44.97012], [-74.856639, 45.003925], [-71.51752, 45.007561], [-71.419017, 45.200338], [-71.327292, 45.290108], [-71.201619, 45.260335], [-71.134647, 45.262818], [-70.999877, 45.337228], [-70.960184, 45.333097], [-70.89799, 45.262455], [-70.865053, 45.270695], [-70.836829, 45.310696], [-70.837818, 45.366177], [-70.79919, 45.404772], [-70.710948, 45.409474], [-70.689788, 45.428338], [-70.70741, 45.498925], [-70.702214, 45.551385], [-70.596383, 45.643988], [-70.421096, 45.73824], [-70.407868, 45.801906], [-70.296247, 45.906089], [-70.28715, 45.939158], [-70.306431, 45.979829], [-70.30452, 46.057393], [-70.248292, 46.250873], [-70.17966, 46.341818], [-70.067215, 46.441046], [-70.00768, 46.708937], [-69.242878, 47.462995], [-69.050222, 47.426619], [-69.064284, 47.338146], [-69.048574, 47.273656], [-69.00309, 47.236446], [-68.937183, 47.211254], [-68.828715, 47.203322], [-68.376902, 47.316151], [-68.358017, 47.344529], [-68.235497, 47.345946], [-68.096795, 47.274843], [-67.806789, 47.082813], [-67.78464, 45.952803], [-67.767051, 45.926985], [-67.782289, 45.874174], [-67.775258, 45.81788], [-67.802241, 45.727517], [-67.755318, 45.686461], [-67.595742, 45.62073], [-67.43265, 45.603108], [-67.413863, 45.56559], [-67.424432, 45.530401], [-67.48779, 45.501045], [-67.493657, 45.474074], [-67.427947, 45.377954], [-67.472541, 45.275891], [-67.36694, 45.173784], [-67.315294, 45.153833], [-67.249584, 45.200778], [-67.124835, 45.169445], [-67.130372, 45.139002], [-67.102258, 45.08774], [-67.08045, 44.98917], [-67.113936, 44.94439], [-67.106729, 44.885042], [-67.014015, 44.867749], [-66.987022, 44.827704], [-67.191247, 44.675565], [-67.364073, 44.696857], [-67.457786, 44.656526], [-67.556004, 44.644771], [-67.59907, 44.576787], [-67.652991, 44.562395], [-67.790485, 44.585675], [-67.839056, 44.576249], [-67.907017, 44.45362], [-67.962696, 44.464309], [-67.984888, 44.420188], [-68.056618, 44.384318], [-68.117285, 44.490644], [-68.152034, 44.502014], [-68.198265, 44.515242], [-68.277432, 44.507365], [-68.373749, 44.445138], [-68.450599, 44.507595], [-68.521417, 44.380242], [-68.514473, 44.303909], [-68.532535, 44.258645], [-68.572349, 44.27084], [-68.612032, 44.310523], [-68.72329, 44.342306], [-68.811917, 44.339362], [-68.793889, 44.381736], [-68.710118, 44.442556], [-68.794943, 44.454499], [-68.765511, 44.509793], [-68.76272, 44.570767], [-68.800217, 44.549398], [-68.84737, 44.485041], [-68.961474, 44.433855], [-68.956168, 44.348096], [-69.063559, 44.172348], [-69.06836, 44.097564], [-69.137244, 44.037831], [-69.226058, 43.986459], [-69.344545, 44.000928], [-69.434952, 43.956312], [-69.480875, 43.905072], [-69.520733, 43.897371], [-69.556702, 43.982768], [-69.58998, 43.886571], [-69.623939, 43.880628], [-69.652877, 43.993875], [-69.699129, 43.955016], [-69.729847, 43.851997], [-69.762015, 43.860709], [-69.772276, 43.89903], [-69.795292, 43.910631], [-69.791601, 43.805228], [-69.808344, 43.772313], [-69.872526, 43.819544], [-69.974326, 43.78787], [-69.965229, 43.855106], [-70.062359, 43.834639], [-70.178814, 43.76637], [-70.269243, 43.671909], [-70.202578, 43.626118], [-70.520698, 43.348823], [-70.642327, 43.134425], [-70.733096, 43.070034], [-70.829051, 42.825347], [-70.781337, 42.72124], [-70.735678, 42.669286], [-70.62398, 42.671758], [-70.604139, 42.649719], [-70.61295, 42.623264], [-70.831171, 42.552567], [-70.930444, 42.431981], [-71.046174, 42.331116], [-70.996724, 42.299981], [-70.817944, 42.264967], [-70.73826, 42.228866], [-70.617696, 42.040429], [-70.645239, 42.021565], [-70.656148, 41.987046], [-70.548922, 41.938629], [-70.514677, 41.803311], [-70.426677, 41.7573], [-70.295467, 41.728955], [-70.135012, 41.769857], [-70.001407, 41.826184], [-70.006109, 41.872327], [-70.090034, 41.979707], [-70.110238, 42.030145], [-70.172585, 42.062808], [-70.196228, 42.035111], [-70.241085, 42.091229], [-70.159852, 42.097118], [-70.108941, 42.078309], [-69.977896, 41.961261], [-69.941586, 41.807859], [-69.933841, 41.710421], [-69.94864, 41.677144], [-70.059514, 41.677352], [-70.40466, 41.626892], [-70.481356, 41.582453], [-70.657126, 41.534234], [-70.666453, 41.710114], [-70.701126, 41.714849], [-70.974246, 41.548527], [-71.079792, 41.53809], [-71.16854, 41.489409], [-71.188414, 41.516403], [-71.204278, 41.641131], [-71.148731, 41.74572], [-71.178339, 41.744072], [-71.271075, 41.681231], [-71.330599, 41.762255], [-71.390156, 41.795335], [-71.363679, 41.702731], [-71.426542, 41.633297], [-71.443802, 41.453693], [-71.52286, 41.378975], [-71.769283, 41.33091], [-71.929947, 41.341039], [-72.265272, 41.291666], [-72.371059, 41.312156], [-72.479417, 41.27578], [-72.847152, 41.265849], [-72.924715, 41.285151], [-73.023724, 41.216476], [-73.182268, 41.175838], [-73.582994, 41.021886], [-73.851247, 40.831405], [-73.910672, 40.816112], [-73.987082, 40.751392], [-73.90675, 40.912462], [-73.871967, 41.055164], [-73.882251, 41.170586], [-73.969954, 41.249732], [-73.917649, 41.135781], [-73.909233, 40.996079], [-73.927218, 40.914242], [-74.025501, 40.756379], [-74.187143, 40.647988], [-74.226705, 40.608009], [-74.26419, 40.528633], [-74.241515, 40.456266], [-74.049836, 40.429833], [-73.998453, 40.452157], [-73.972251, 40.400324], [-73.957595, 40.328363], [-74.028347, 40.073008], [-74.079917, 39.78811], [-74.064591, 39.993115], [-74.09599, 39.975988], [-74.117644, 39.938129], [-74.176135, 39.726598], [-74.256577, 39.613856], [-74.330603, 39.535886], [-74.407024, 39.548806], [-74.389874, 39.486843], [-74.428831, 39.387186], [-74.474359, 39.34256], [-74.517172, 39.346845], [-74.602987, 39.292561], [-74.604799, 39.247528], [-74.794478, 39.001907], [-74.923436, 38.941141], [-74.954308, 38.949952], [-74.897025, 39.145465], [-75.050218, 39.210834], [-75.136109, 39.207867], [-75.231031, 39.284266], [-75.35343, 39.339824], [-75.524245, 39.490172], [-75.523553, 39.601848], [-75.421908, 39.789714], [-75.353177, 39.829738], [-75.15383, 39.870486], [-75.074168, 39.98348], [-75.172924, 39.894777], [-75.320877, 39.864696], [-75.400638, 39.831572], [-75.464403, 39.780936], [-75.50213, 39.717391], [-75.587603, 39.640784], [-75.567268, 39.552992], [-75.573882, 39.476945], [-75.412657, 39.281377], [-75.392168, 39.092753], [-75.310407, 38.966564], [-75.185064, 38.819391], [-75.088692, 38.777533], [-75.08399, 38.72281], [-75.128485, 38.632448], [-75.187108, 38.591128], [-75.110863, 38.599379], [-75.072883, 38.578735], [-75.035881, 38.503336], [-75.051251, 38.383036], [-75.074355, 38.365721], [-75.073399, 38.410007], [-75.089747, 38.42541], [-75.116751, 38.406206], [-75.134242, 38.384321], [-75.160005, 38.255056], [-75.225428, 38.24229], [-75.375963, 38.024991], [-75.620002, 37.999207], [-75.659256, 37.953965], [-75.735161, 37.973707], [-75.850814, 37.971554], [-75.795344, 38.086669], [-75.855626, 38.140359], [-75.92807, 38.169242], [-75.863921, 38.26123], [-75.876764, 38.318744], [-75.858702, 38.362074], [-75.888827, 38.355515], [-75.967401, 38.291355], [-75.985715, 38.331949], [-76.051216, 38.279545], [-76.211671, 38.361327], [-76.29487, 38.494657], [-76.264175, 38.599972], [-76.198388, 38.618682], [-76.000942, 38.60173], [-76.016927, 38.625109], [-76.05695, 38.621263], [-76.174987, 38.706682], [-76.212967, 38.758285], [-76.278314, 38.772468], [-76.308098, 38.722854], [-76.341178, 38.709648], [-76.30032, 38.818204], [-76.168132, 38.852745], [-76.19105, 38.915554], [-76.240818, 38.943075], [-76.330664, 38.908611], [-76.329598, 38.952787], [-76.312756, 39.009356], [-76.18571, 38.990745], [-76.135195, 39.082107], [-76.132943, 39.122965], [-76.216845, 39.063639], [-76.235698, 39.191619], [-76.153125, 39.315039], [-76.074364, 39.368861], [-75.875984, 39.375991], [-76.003106, 39.410851], [-75.872929, 39.510892], [-75.9704, 39.504564], [-75.958919, 39.58505], [-76.063004, 39.561122], [-76.085064, 39.526998], [-76.080725, 39.470309], [-76.097259, 39.433098], [-76.141369, 39.403226], [-76.215813, 39.379946], [-76.223042, 39.420332], [-76.247662, 39.438602], [-76.256814, 39.352173], [-76.276369, 39.322741], [-76.330818, 39.403897], [-76.358976, 39.324685], [-76.405689, 39.303877], [-76.402778, 39.252824], [-76.420883, 39.224995], [-76.570407, 39.269336], [-76.573923, 39.254318], [-76.489383, 39.158693], [-76.427607, 39.126041], [-76.42006, 39.073889], [-76.47308, 39.030614], [-76.558553, 39.06521], [-76.493778, 38.945217], [-76.519508, 38.898328], [-76.521112, 38.7883], [-76.536877, 38.742618], [-76.501314, 38.532175], [-76.394088, 38.368973], [-76.438736, 38.361536], [-76.572429, 38.435792], [-76.646894, 38.538525], [-76.677326, 38.611958], [-76.668548, 38.537515], [-76.641983, 38.454348], [-76.408766, 38.268262], [-76.332905, 38.140776], [-76.341178, 38.087031], [-76.454425, 38.173538], [-76.593589, 38.228315], [-76.769161, 38.262933], [-76.868115, 38.390298], [-76.867752, 38.337146], [-76.889747, 38.29208], [-76.988393, 38.393879], [-77.001181, 38.445251], [-77.076712, 38.441758], [-77.155902, 38.397109], [-77.23252, 38.407711], [-77.241584, 38.494811], [-77.220919, 38.540953], [-77.134929, 38.650125], [-77.053894, 38.705803], [-77.018188, 38.777742], [-77.030361, 38.889253], [-77.053048, 38.915302], [-77.1903, 38.969047], [-77.301086, 39.053378], [-77.480921, 39.112957]]], [[[-74.250501, 39.529371], [-74.25316, 39.558485], [-74.106767, 39.746439], [-74.133222, 39.680785], [-74.250501, 39.529371]]], [[[-74.068755, 40.649307], [-74.079708, 40.586465], [-74.138518, 40.541838], [-74.235879, 40.518712], [-74.188154, 40.614601], [-74.100483, 40.658447], [-74.068755, 40.649307]]], [[[-72.287442, 41.024083], [-72.151245, 41.051472], [-72.101894, 41.01502], [-71.903206, 41.060701], [-72.555542, 40.82578], [-73.194287, 40.654207], [-73.265522, 40.663567], [-73.620897, 40.599901], [-73.899565, 40.570524], [-73.801325, 40.621786], [-73.799183, 40.640979], [-73.822672, 40.655964], [-73.875175, 40.651625], [-73.928997, 40.598814], [-74.014911, 40.581213], [-74.032038, 40.638683], [-73.964571, 40.725343], [-73.879262, 40.791668], [-73.695208, 40.870033], [-73.652241, 40.838019], [-73.642837, 40.881228], [-73.573798, 40.919625], [-73.372705, 40.943806], [-73.278156, 40.924196], [-73.185838, 40.929854], [-73.033776, 40.965977], [-72.625118, 40.991838], [-72.372575, 41.125553], [-72.274138, 41.153041], [-72.580887, 40.921328], [-72.516573, 40.914813], [-72.461334, 40.933776], [-72.287442, 41.024083]]], [[[-70.0627, 41.328482], [-70.041199, 41.397476], [-69.97794, 41.265596], [-70.055097, 41.249468], [-70.233076, 41.286338], [-70.0627, 41.328482]]], [[[-70.673715, 41.448529], [-70.615993, 41.457208], [-70.525356, 41.41479], [-70.509898, 41.376338], [-70.785314, 41.327449], [-70.829183, 41.359002], [-70.760485, 41.373602], [-70.673715, 41.448529]]], [[[-71.364316, 41.571807], [-71.354472, 41.542297], [-71.36536, 41.485267], [-71.393078, 41.466745], [-71.403383, 41.51504], [-71.383981, 41.570532], [-71.364316, 41.571807]]], [[[-71.280194, 41.620048], [-71.232052, 41.654303], [-71.241379, 41.491969], [-71.290938, 41.464602], [-71.346232, 41.469403], [-71.318151, 41.506306], [-71.280194, 41.620048]]], [[[-68.690793, 44.248725], [-68.655955, 44.242309], [-68.623194, 44.196067], [-68.661174, 44.17627], [-68.701713, 44.182675], [-68.690793, 44.248725]]], [[[-68.315104, 44.249702], [-68.411707, 44.294351], [-68.409488, 44.364268], [-68.347042, 44.430362], [-68.299438, 44.456509], [-68.238046, 44.438404], [-68.190893, 44.364378], [-68.187256, 44.332484], [-68.24544, 44.313006], [-68.30926, 44.321509], [-68.315104, 44.249702]]]]}}, {"type": "Feature", "id": "new england", "properties": {"preset_id": "new england", "name": "New England", "members": ["CT", "ME", "MA", "NH", "RI", "VT"], "authority": "Conventional definition: six whole States.", "coverage": "CT, ME, MA, NH, RI, VT -- exact, no approximation."}, "geometry": {"type": "MultiPolygon", "coordinates": [[[[-71.383981, 41.570532], [-71.364316, 41.571807], [-71.354472, 41.542297], [-71.36536, 41.485267], [-71.393078, 41.466745], [-71.403383, 41.51504], [-71.383981, 41.570532]]], [[[-72.371059, 41.312156], [-72.479417, 41.27578], [-72.847152, 41.265849], [-72.924715, 41.285151], [-73.023724, 41.216476], [-73.182268, 41.175838], [-73.630466, 40.99186], [-73.723015, 41.104514], [-73.484139, 41.218959], [-73.544729, 41.295951], [-73.480568, 42.055568], [-73.507287, 42.080012], [-73.253327, 42.752222], [-73.2802, 42.813152], [-73.266555, 42.864777], [-73.247098, 43.553048], [-73.330484, 43.62669], [-73.391436, 43.578526], [-73.415925, 43.589644], [-73.374968, 43.804152], [-73.426131, 44.074855], [-73.38112, 44.187432], [-73.320915, 44.268874], [-73.309753, 44.45964], [-73.372078, 44.597332], [-73.348568, 44.775299], [-73.365805, 44.860366], [-73.345052, 44.938864], [-73.352182, 45.005419], [-71.51752, 45.007561], [-71.419017, 45.200338], [-71.327292, 45.290108], [-71.201619, 45.260335], [-71.134647, 45.262818], [-70.999877, 45.337228], [-70.960184, 45.333097], [-70.89799, 45.262455], [-70.865053, 45.270695], [-70.836829, 45.310696], [-70.837818, 45.366177], [-70.79919, 45.404772], [-70.710948, 45.409474], [-70.689788, 45.428338], [-70.70741, 45.498925], [-70.702214, 45.551385], [-70.596383, 45.643988], [-70.421096, 45.73824], [-70.407868, 45.801906], [-70.296247, 45.906089], [-70.28715, 45.939158], [-70.306431, 45.979829], [-70.30452, 46.057393], [-70.248292, 46.250873], [-70.17966, 46.341818], [-70.067215, 46.441046], [-70.00768, 46.708937], [-69.242878, 47.462995], [-69.050222, 47.426619], [-69.064284, 47.338146], [-69.048574, 47.273656], [-69.00309, 47.236446], [-68.937183, 47.211254], [-68.828715, 47.203322], [-68.376902, 47.316151], [-68.358017, 47.344529], [-68.235497, 47.345946], [-68.096795, 47.274843], [-67.806789, 47.082813], [-67.78464, 45.952803], [-67.767051, 45.926985], [-67.782289, 45.874174], [-67.775258, 45.81788], [-67.802241, 45.727517], [-67.755318, 45.686461], [-67.595742, 45.62073], [-67.43265, 45.603108], [-67.413863, 45.56559], [-67.424432, 45.530401], [-67.48779, 45.501045], [-67.493657, 45.474074], [-67.427947, 45.377954], [-67.472541, 45.275891], [-67.36694, 45.173784], [-67.315294, 45.153833], [-67.249584, 45.200778], [-67.124835, 45.169445], [-67.130372, 45.139002], [-67.102258, 45.08774], [-67.08045, 44.98917], [-67.113936, 44.94439], [-67.106729, 44.885042], [-67.014015, 44.867749], [-66.987022, 44.827704], [-67.191247, 44.675565], [-67.364073, 44.696857], [-67.457786, 44.656526], [-67.556004, 44.644771], [-67.59907, 44.576787], [-67.652991, 44.562395], [-67.790485, 44.585675], [-67.839056, 44.576249], [-67.907017, 44.45362], [-67.962696, 44.464309], [-67.984888, 44.420188], [-68.056618, 44.384318], [-68.117285, 44.490644], [-68.152034, 44.502014], [-68.198265, 44.515242], [-68.277432, 44.507365], [-68.373749, 44.445138], [-68.450599, 44.507595], [-68.521417, 44.380242], [-68.514473, 44.303909], [-68.532535, 44.258645], [-68.572349, 44.27084], [-68.612032, 44.310523], [-68.72329, 44.342306], [-68.811917, 44.339362], [-68.793889, 44.381736], [-68.710118, 44.442556], [-68.794943, 44.454499], [-68.765511, 44.509793], [-68.76272, 44.570767], [-68.800217, 44.549398], [-68.84737, 44.485041], [-68.961474, 44.433855], [-68.956168, 44.348096], [-69.063559, 44.172348], [-69.06836, 44.097564], [-69.137244, 44.037831], [-69.226058, 43.986459], [-69.344545, 44.000928], [-69.434952, 43.956312], [-69.480875, 43.905072], [-69.520733, 43.897371], [-69.556702, 43.982768], [-69.58998, 43.886571], [-69.623939, 43.880628], [-69.652877, 43.993875], [-69.699129, 43.955016], [-69.729847, 43.851997], [-69.762015, 43.860709], [-69.772276, 43.89903], [-69.795292, 43.910631], [-69.791601, 43.805228], [-69.808344, 43.772313], [-69.872526, 43.819544], [-69.974326, 43.78787], [-69.965229, 43.855106], [-70.062359, 43.834639], [-70.178814, 43.76637], [-70.269243, 43.671909], [-70.202578, 43.626118], [-70.520698, 43.348823], [-70.642327, 43.134425], [-70.733096, 43.070034], [-70.829051, 42.825347], [-70.781337, 42.72124], [-70.735678, 42.669286], [-70.62398, 42.671758], [-70.604139, 42.649719], [-70.61295, 42.623264], [-70.831171, 42.552567], [-70.930444, 42.431981], [-71.046174, 42.331116], [-70.996724, 42.299981], [-70.817944, 42.264967], [-70.73826, 42.228866], [-70.617696, 42.040429], [-70.645239, 42.021565], [-70.656148, 41.987046], [-70.548922, 41.938629], [-70.514677, 41.803311], [-70.426677, 41.7573], [-70.295467, 41.728955], [-70.135012, 41.769857], [-70.001407, 41.826184], [-70.006109, 41.872327], [-70.090034, 41.979707], [-70.110238, 42.030145], [-70.172585, 42.062808], [-70.196228, 42.035111], [-70.241085, 42.091229], [-70.159852, 42.097118], [-70.108941, 42.078309], [-69.977896, 41.961261], [-69.941586, 41.807859], [-69.933841, 41.710421], [-69.94864, 41.677144], [-70.059514, 41.677352], [-70.40466, 41.626892], [-70.481356, 41.582453], [-70.657126, 41.534234], [-70.666453, 41.710114], [-70.701126, 41.714849], [-70.974246, 41.548527], [-71.079792, 41.53809], [-71.16854, 41.489409], [-71.188414, 41.516403], [-71.204278, 41.641131], [-71.148731, 41.74572], [-71.178339, 41.744072], [-71.271075, 41.681231], [-71.330599, 41.762255], [-71.390156, 41.795335], [-71.363679, 41.702731], [-71.426542, 41.633297], [-71.443802, 41.453693], [-71.52286, 41.378975], [-71.769283, 41.33091], [-71.929947, 41.341039], [-72.265272, 41.291666], [-72.371059, 41.312156]]], [[[-70.233076, 41.286338], [-70.0627, 41.328482], [-70.041199, 41.397476], [-69.97794, 41.265596], [-70.055097, 41.249468], [-70.233076, 41.286338]]], [[[-70.673715, 41.448529], [-70.615993, 41.457208], [-70.525356, 41.41479], [-70.509898, 41.376338], [-70.785314, 41.327449], [-70.829183, 41.359002], [-70.760485, 41.373602], [-70.673715, 41.448529]]], [[[-71.318151, 41.506306], [-71.280194, 41.620048], [-71.232052, 41.654303], [-71.241379, 41.491969], [-71.290938, 41.464602], [-71.346232, 41.469403], [-71.318151, 41.506306]]], [[[-68.703032, 44.232003], [-68.67673, 44.256217], [-68.623194, 44.196067], [-68.661174, 44.17627], [-68.701713, 44.182675], [-68.703032, 44.232003]]], [[[-68.315104, 44.249702], [-68.411707, 44.294351], [-68.409488, 44.364268], [-68.347042, 44.430362], [-68.299438, 44.456509], [-68.238046, 44.438404], [-68.190893, 44.364378], [-68.187256, 44.332484], [-68.24544, 44.313006], [-68.30926, 44.321509], [-68.315104, 44.249702]]]]}}, {"type": "Feature", "id": "alabama", "properties": {"preset_id": "alabama", "name": "Alabama", "postal": "AL", "kind": "state", "display_name": "Alabama (U.S. state)"}, "geometry": {"type": "MultiPolygon", "coordinates": [[[[-87.489511, 30.377683], [-87.622269, 30.264765], [-88.005934, 30.230916], [-87.985016, 30.254383], [-87.903981, 30.259085], [-87.790294, 30.291792], [-87.857113, 30.40739], [-87.897631, 30.414135], [-87.924284, 30.449643], [-87.922998, 30.56155], [-87.948871, 30.626919], [-88.011317, 30.694177], [-88.032422, 30.681224], [-88.078367, 30.566197], [-88.135441, 30.366598], [-88.399585, 30.370805], [-88.48619, 31.890511], [-88.084772, 34.933109], [-88.203139, 35.024197], [-85.623604, 35.000862], [-85.200971, 32.956229], [-85.156531, 32.804277], [-85.015038, 32.526158], [-84.973905, 32.409286], [-84.985968, 32.360946], [-84.9685, 32.319813], [-84.921533, 32.285887], [-84.929696, 32.246556], [-84.992977, 32.201831], [-85.034627, 32.147372], [-85.124132, 31.880536], [-85.124824, 31.77677], [-85.054885, 31.572677], [-85.092601, 31.295711], [-85.067443, 31.117579], [-85.007282, 31.001673], [-87.593694, 31.000739], [-87.601055, 30.860598], [-87.566195, 30.795636], [-87.421659, 30.671589], [-87.408278, 30.641465], [-87.43381, 30.545938], [-87.429382, 30.477856], [-87.489511, 30.377683]]], [[[-88.071336, 30.25234], [-88.159314, 30.230916], [-88.316254, 30.240453], [-88.10937, 30.27373], [-88.071336, 30.25234]]]]}}, {"type": "Feature", "id": "alaska", "properties": {"preset_id": "alaska", "name": "Alaska", "postal": "AK", "kind": "state", "display_name": "Alaska (U.S. state)"}, "geometry": {"type": "MultiPolygon", "coordinates": [[[[-139.056519, 60.001582], [-138.705456, 59.901331], [-138.632257, 59.778285], [-137.593299, 59.226254], [-137.484161, 58.991235], [-137.520877, 58.915374], [-137.438579, 58.903125], [-137.277558, 58.988214], [-136.81327, 59.150031], [-136.578739, 59.152251], [-136.466728, 59.279945], [-136.466344, 59.459088], [-136.347845, 59.456034], [-136.277983, 59.480324], [-136.247133, 59.532905], [-136.321829, 59.604832], [-135.934644, 59.662642], [-135.475937, 59.793281], [-135.260781, 59.695008], [-135.05103, 59.578663], [-135.03666, 59.550703], [-135.071311, 59.441433], [-134.94377, 59.288272], [-134.802409, 59.249974], [-134.677225, 59.199283], [-134.621981, 59.155305], [-134.440756, 59.085333], [-134.296994, 58.898499], [-134.218519, 58.849896], [-133.820742, 58.705052], [-133.401103, 58.410882], [-133.422576, 58.337065], [-133.120424, 58.077744], [-132.232158, 57.19853], [-132.337989, 57.07946], [-132.03152, 57.02655], [-132.104282, 56.856789], [-131.866159, 56.792838], [-131.886, 56.742114], [-131.833085, 56.684809], [-131.824274, 56.589986], [-131.575115, 56.598819], [-131.082922, 56.404822], [-130.741681, 56.340827], [-130.649072, 56.26367], [-130.477097, 56.230568], [-130.413146, 56.122518], [-130.214705, 56.082835], [-130.097866, 56.10929], [-130.022884, 56.014511], [-130.014073, 55.950538], [-130.025081, 55.888212], [-130.111977, 55.779799], [-130.146518, 55.654489], [-130.140421, 55.585034], [-130.059474, 55.412307], [-130.036551, 55.297917], [-130.171842, 55.137], [-130.218506, 55.060261], [-130.21409, 55.025895], [-130.575331, 54.769683], [-130.615794, 54.79092], [-130.849605, 54.807608], [-130.934612, 54.950397], [-130.9797, 55.061184], [-131.047859, 55.157665], [-131.045898, 55.179583], [-130.983935, 55.243963], [-130.750388, 55.296983], [-130.748218, 55.318022], [-130.835059, 55.332073], [-130.855961, 55.355123], [-130.879812, 55.459504], [-130.879653, 55.611829], [-130.918566, 55.735975], [-131.127675, 55.960151], [-131.140364, 55.997515], [-131.032769, 56.088098], [-131.635265, 55.932246], [-131.784201, 55.876534], [-131.826158, 55.835357], [-131.803295, 55.765946], [-131.833601, 55.734898], [-131.869411, 55.64715], [-131.945013, 55.554129], [-131.983411, 55.535013], [-132.119009, 55.569785], [-132.15544, 55.599558], [-132.223423, 55.721044], [-132.207532, 55.753388], [-132.090692, 55.839543], [-132.005735, 55.93007], [-131.843835, 56.160091], [-131.738026, 56.161223], [-131.551346, 56.206805], [-131.887912, 56.241632], [-132.021934, 56.38007], [-132.182027, 56.420643], [-132.304991, 56.51986], [-132.357654, 56.6259], [-132.475939, 56.649664], [-132.487128, 56.766405], [-132.63952, 56.79643], [-132.701944, 56.82227], [-132.8022, 56.895153], [-132.838812, 56.960192], [-132.814263, 57.0407], [-132.824601, 57.055795], [-132.913409, 57.047479], [-133.465851, 57.172174], [-133.436655, 57.336859], [-133.538948, 57.554157], [-133.648713, 57.642301], [-133.603389, 57.694672], [-133.554219, 57.695079], [-133.142825, 57.555146], [-133.117062, 57.566198], [-133.515465, 57.775125], [-133.535202, 57.832957], [-133.536444, 57.863862], [-133.51112, 57.880111], [-133.212045, 57.865697], [-133.194318, 57.877705], [-133.559361, 57.924451], [-133.65726, 57.840988], [-133.722321, 57.844251], [-133.894482, 57.993259], [-134.031092, 58.072163], [-134.056723, 58.128391], [-134.063337, 58.211074], [-134.045248, 58.289263], [-133.933627, 58.467857], [-133.876734, 58.518186], [-133.943861, 58.498289], [-134.036157, 58.415354], [-134.13121, 58.279332], [-134.208829, 58.232959], [-134.257641, 58.244198], [-134.331458, 58.299591], [-134.485454, 58.367211], [-134.663608, 58.384702], [-134.776135, 58.45385], [-134.942507, 58.646286], [-134.964776, 58.742175], [-134.986123, 58.765642], [-135.076452, 58.796777], [-135.131851, 58.842865], [-135.217374, 59.076599], [-135.330313, 59.239076], [-135.358449, 59.324912], [-135.348946, 59.410067], [-135.363668, 59.419427], [-135.412733, 59.318452], [-135.4841, 59.308685], [-135.400153, 59.207907], [-135.502315, 59.202304], [-135.386146, 59.087552], [-135.33406, 58.909607], [-135.257012, 58.77776], [-135.151928, 58.512187], [-135.062038, 58.340888], [-135.049711, 58.306776], [-135.090251, 58.245845], [-135.141535, 58.233398], [-135.30254, 58.255931], [-135.449943, 58.376132], [-135.571793, 58.412047], [-135.897537, 58.400203], [-135.896351, 58.463825], [-135.861727, 58.57705], [-136.04549, 58.78913], [-136.043112, 58.821628], [-135.826379, 58.897961], [-135.931694, 58.90374], [-136.016602, 58.873978], [-136.049368, 58.893204], [-136.100631, 58.999859], [-136.150031, 59.048078], [-136.159484, 58.946795], [-136.123521, 58.893457], [-136.124191, 58.819617], [-136.146828, 58.788812], [-136.225842, 58.765455], [-136.451149, 58.846336], [-136.566209, 58.940896], [-136.830969, 58.983819], [-136.988996, 59.034488], [-137.002125, 59.021151], [-136.952824, 58.966944], [-136.948072, 58.934908], [-136.987909, 58.925141], [-137.059018, 58.873714], [-136.879078, 58.881525], [-136.613928, 58.809279], [-136.568198, 58.78634], [-136.533525, 58.740241], [-136.410116, 58.700658], [-136.404172, 58.679773], [-136.483757, 58.617667], [-136.31989, 58.624489], [-136.2246, 58.602264], [-136.102905, 58.506298], [-136.061486, 58.452707], [-136.055982, 58.384163], [-136.081251, 58.36419], [-136.462388, 58.327968], [-136.582612, 58.245208], [-136.607419, 58.243989], [-137.071937, 58.395194], [-137.544004, 58.581181], [-137.564625, 58.625885], [-137.749986, 58.707063], [-137.863695, 58.78556], [-138.026919, 58.941467], [-138.352479, 59.087299], [-138.560321, 59.129157], [-138.514898, 59.165896], [-138.704215, 59.18755], [-138.884333, 59.2369], [-139.340971, 59.375658], [-139.714463, 59.503967], [-139.799109, 59.546264], [-139.611628, 59.610315], [-139.513056, 59.698117], [-139.505588, 59.72633], [-139.558503, 59.790205], [-139.582173, 59.848311], [-139.569149, 59.912362], [-139.512306, 59.953549], [-139.446882, 59.956856], [-139.330974, 59.877019], [-139.314643, 59.847927], [-139.320018, 59.738734], [-139.286713, 59.610941], [-139.25873, 59.743326], [-139.2208, 59.819868], [-139.178863, 59.839863], [-138.988074, 59.835007], [-139.242504, 59.892784], [-139.431433, 60.012249], [-139.51892, 60.017116], [-139.91688, 59.805673], [-140.216733, 59.726638], [-140.419848, 59.710719], [-140.843154, 59.748863], [-141.408288, 59.902804], [-141.294626, 59.980005], [-141.289949, 60.004141], [-141.32956, 60.082815], [-141.408727, 60.117674], [-141.422164, 60.085506], [-141.409708, 60.042275], [-141.447073, 60.019434], [-141.670158, 59.969875], [-142.548606, 60.086045], [-142.945635, 60.096954], [-143.506119, 60.055041], [-143.805068, 60.012898], [-144.147215, 60.016391], [-144.160937, 60.045824], [-144.084299, 60.063028], [-144.088537, 60.084342], [-144.185484, 60.150743], [-144.332632, 60.191008], [-144.642949, 60.224648], [-144.671576, 60.249246], [-144.85242, 60.295081], [-144.901331, 60.335182], [-144.824437, 60.533617], [-144.691138, 60.669111], [-144.86309, 60.600897], [-145.162709, 60.415382], [-145.248287, 60.380138], [-145.381766, 60.388564], [-145.718439, 60.467578], [-145.898892, 60.478169], [-145.759833, 60.561983], [-145.674928, 60.651126], [-146.149032, 60.660695], [-146.182337, 60.734743], [-146.251042, 60.749058], [-146.502989, 60.700796], [-146.570478, 60.729162], [-146.391989, 60.810868], [-146.53193, 60.838872], [-146.638434, 60.897319], [-146.636056, 60.992527], [-146.599109, 61.053534], [-146.284889, 61.112651], [-146.384392, 61.135854], [-146.582728, 61.127845], [-146.874028, 61.004908], [-146.980169, 60.977805], [-147.105952, 61.002535], [-147.19504, 60.996844], [-147.361387, 60.914502], [-147.567265, 60.994933], [-147.655686, 60.909514], [-147.807613, 60.885377], [-147.891123, 60.88987], [-147.990755, 60.948274], [-148.00512, 60.968576], [-147.971169, 61.019069], [-147.751855, 61.218955], [-148.049408, 61.08268], [-148.208674, 61.088261], [-148.34187, 61.060411], [-148.410754, 61.011467], [-148.225882, 61.044052], [-148.208674, 61.029924], [-148.29314, 60.939693], [-148.344427, 60.853549], [-148.393313, 60.831895], [-148.556147, 60.826985], [-148.557386, 60.802902], [-148.398688, 60.734018], [-148.267896, 60.699708], [-148.256734, 60.675318], [-148.305, 60.58333], [-148.338434, 60.569839], [-148.509587, 60.565246], [-148.640121, 60.48943], [-148.439824, 60.530002], [-148.189476, 60.547108], [-148.119196, 60.575167], [-148.050699, 60.567213], [-147.984012, 60.523333], [-147.964088, 60.484892], [-147.990961, 60.451867], [-148.045997, 60.428302], [-148.1817, 60.393057], [-148.215857, 60.32314], [-148.197617, 60.167772], [-148.333111, 60.122014], [-148.430703, 59.989134], [-148.465092, 59.974687], [-148.542401, 59.987398], [-148.643582, 59.956856], [-148.750863, 59.94776], [-149.004258, 59.979983], [-149.121589, 60.033519], [-149.266595, 59.998275], [-149.304937, 60.013645], [-149.395269, 60.105732], [-149.414852, 60.100261], [-149.432216, 60.001043], [-149.54916, 59.894333], [-149.598047, 59.770462], [-149.629621, 59.784668], [-149.684657, 59.895311], [-149.713854, 59.919602], [-149.794779, 59.855826], [-149.803667, 59.832733], [-149.782455, 59.750335], [-149.801291, 59.737954], [-150.00531, 59.784415], [-150.015953, 59.776977], [-149.960142, 59.713048], [-149.966525, 59.690053], [-150.198062, 59.566545], [-150.338157, 59.581322], [-150.48533, 59.535278], [-150.607391, 59.563392], [-150.622893, 59.479621], [-150.677464, 59.426964], [-150.852776, 59.341853], [-150.934503, 59.249095], [-150.960755, 59.243986], [-151.182756, 59.300775], [-151.199241, 59.289668], [-151.163016, 59.25695], [-151.170715, 59.2369], [-151.366362, 59.245579], [-151.477003, 59.23055], [-151.619369, 59.187297], [-151.7382, 59.188527], [-151.903849, 59.259763], [-151.949505, 59.265069], [-151.964051, 59.285119], [-151.931702, 59.342732], [-151.84995, 59.406353], [-151.692596, 59.462186], [-151.512711, 59.482697], [-151.39959, 59.516316], [-151.189422, 59.637681], [-151.046484, 59.771803], [-151.08943, 59.789425], [-151.450105, 59.650415], [-151.763831, 59.700029], [-151.816928, 59.720903], [-151.853205, 59.782086], [-151.734506, 59.988332], [-151.451473, 60.202653], [-151.395973, 60.27446], [-151.312672, 60.466435], [-151.317528, 60.553568], [-151.355046, 60.65986], [-151.356466, 60.722966], [-151.321791, 60.742906], [-150.953779, 60.841201], [-150.779472, 60.914809], [-150.44125, 61.023563], [-150.349138, 61.022629], [-150.202789, 60.95525], [-150.113053, 60.932816], [-149.997556, 60.935145], [-149.856275, 60.96227], [-149.632464, 60.951987], [-149.075081, 60.876412], [-149.142235, 60.935683], [-149.459114, 60.964753], [-149.59249, 60.993823], [-149.967739, 61.121748], [-150.053265, 61.171098], [-149.89529, 61.23171], [-149.882008, 61.263702], [-149.7369, 61.363337], [-149.329071, 61.497381], [-149.433535, 61.500798], [-149.695251, 61.470717], [-149.823744, 61.413358], [-149.975699, 61.279358], [-150.471792, 61.259978], [-150.567239, 61.306801], [-150.945484, 61.198224], [-151.064985, 61.145731], [-151.150148, 61.085833], [-151.281872, 61.041954], [-151.593507, 60.97964], [-151.733962, 60.910722], [-151.781659, 60.857944], [-151.784425, 60.833137], [-151.750474, 60.75487], [-151.866177, 60.734073], [-151.996219, 60.68224], [-152.270726, 60.528112], [-152.305064, 60.452999], [-152.260314, 60.409438], [-152.368834, 60.336346], [-152.540916, 60.265418], [-152.653932, 60.238447], [-152.797903, 60.247181], [-152.923372, 60.292862], [-153.02502, 60.295653], [-152.664759, 60.125266], [-152.630109, 60.08377], [-152.628559, 60.041088], [-152.660107, 59.99722], [-152.759456, 59.920887], [-153.10605, 59.875052], [-153.211211, 59.842708], [-153.040085, 59.810507], [-153.024633, 59.793995], [-153.048147, 59.730055], [-153.093622, 59.709126], [-153.236172, 59.670937], [-153.363993, 59.659874], [-153.383474, 59.667213], [-153.366448, 59.729846], [-153.414403, 59.740129], [-153.652529, 59.647009], [-153.670717, 59.634814], [-153.609378, 59.615017], [-153.752598, 59.509856], [-154.088316, 59.363298], [-154.067488, 59.336381], [-154.138803, 59.240152], [-154.178335, 59.15559], [-154.129811, 59.119852], [-153.656377, 59.038674], [-153.418279, 58.959968], [-153.338955, 58.908552], [-153.32707, 58.884316], [-153.362932, 58.822199], [-153.437606, 58.754842], [-153.617337, 58.654713], [-153.861948, 58.58785], [-154.019896, 58.492972], [-154.062451, 58.441754], [-154.055733, 58.39716], [-154.085888, 58.365838], [-154.289028, 58.304348], [-154.20805, 58.288791], [-154.235129, 58.234639], [-154.247013, 58.159427], [-154.570585, 58.118053], [-154.584925, 58.055683], [-155.006863, 58.016044], [-155.099261, 57.913311], [-155.147373, 57.881814], [-155.312736, 57.807117], [-155.59024, 57.733608], [-155.595846, 57.701077], [-155.72894, 57.626612], [-155.77798, 57.56822], [-156.00019, 57.544962], [-156.037343, 57.526516], [-156.055379, 57.447579], [-156.155992, 57.463443], [-156.242188, 57.449205], [-156.435872, 57.359963], [-156.478402, 57.327872], [-156.397631, 57.240585], [-156.400498, 57.204825], [-156.475145, 57.105201], [-156.59204, 57.065101], [-156.628987, 57.009982], [-156.779881, 57.005621], [-156.823859, 56.968828], [-156.988448, 56.912929], [-157.139137, 56.826555], [-157.205774, 56.812064], [-157.390232, 56.809812], [-157.440566, 56.790333], [-157.489658, 56.759736], [-157.528726, 56.673186], [-157.578387, 56.634448], [-157.770724, 56.651685], [-157.86909, 56.645225], [-158.027868, 56.59215], [-158.078303, 56.552028], [-157.978259, 56.543162], [-157.928702, 56.531693], [-157.929993, 56.520476], [-158.124374, 56.501052], [-158.414408, 56.435837], [-158.552152, 56.312713], [-158.467323, 56.318272], [-158.38614, 56.301573], [-158.343974, 56.280336], [-158.275656, 56.196258], [-158.47611, 56.075496], [-158.504688, 56.062104], [-158.523343, 56.072442], [-158.542668, 56.166826], [-158.55445, 56.182855], [-158.591167, 56.184525], [-158.704881, 56.04312], [-158.789863, 55.986914], [-159.52323, 55.810001], [-159.567621, 55.695205], [-159.659653, 55.625903], [-159.665339, 55.794894], [-159.678489, 55.824656], [-159.771379, 55.841114], [-159.87437, 55.800289], [-159.962299, 55.794894], [-160.243804, 55.660532], [-160.373204, 55.635109], [-160.499319, 55.537287], [-160.625231, 55.552371], [-160.682898, 55.540429], [-160.726514, 55.499659], [-160.770827, 55.483542], [-160.896736, 55.513612], [-161.099516, 55.405715], [-161.178013, 55.388873], [-161.381926, 55.371295], [-161.46386, 55.382512], [-161.480526, 55.397805], [-161.476701, 55.464887], [-161.413346, 55.536144], [-161.372728, 55.556304], [-161.3133, 55.558622], [-161.202092, 55.543538], [-161.255113, 55.57898], [-161.357458, 55.612192], [-161.45877, 55.629133], [-161.516958, 55.61841], [-161.654313, 55.563358], [-161.683563, 55.529948], [-161.741569, 55.391136], [-162.073977, 55.139318], [-162.166582, 55.143768], [-162.274637, 55.073225], [-162.332928, 55.05023], [-162.386361, 55.052351], [-162.457495, 55.077696], [-162.412536, 55.106865], [-162.426824, 55.145416], [-162.495244, 55.208466], [-162.541882, 55.242722], [-162.630378, 55.246655], [-162.64415, 55.218002], [-162.618906, 55.038453], [-162.674354, 54.996595], [-162.819566, 54.94998], [-162.865041, 54.954528], [-162.995885, 55.046462], [-163.119624, 55.064699], [-163.127815, 55.034783], [-163.10022, 54.973644], [-163.131123, 54.916548], [-163.288632, 54.837579], [-163.335296, 54.839183], [-163.33788, 54.876393], [-163.296333, 54.949255], [-163.285687, 55.009976], [-163.303644, 55.095867], [-163.278813, 55.121828], [-163.114483, 55.193942], [-163.045339, 55.20472], [-162.961986, 55.183813], [-162.906588, 55.195546], [-162.871604, 55.218596], [-162.857133, 55.253005], [-162.658981, 55.350783], [-162.513356, 55.450001], [-162.349362, 55.594746], [-162.157124, 55.71944], [-161.936622, 55.824195], [-161.697334, 55.907208], [-161.21563, 56.021411], [-161.178606, 56.014467], [-161.222582, 55.977432], [-161.192507, 55.954306], [-160.968644, 55.96961], [-160.898647, 55.993637], [-160.877823, 55.970489], [-160.902369, 55.941287], [-161.008409, 55.911734], [-161.005385, 55.887158], [-160.851313, 55.771889], [-160.802841, 55.754432], [-160.745506, 55.771483], [-160.758399, 55.854627], [-160.706334, 55.870436], [-160.530248, 55.86346], [-160.436919, 55.816691], [-160.291708, 55.805068], [-160.270109, 55.832204], [-160.308506, 55.864471], [-160.479865, 55.935454], [-160.527458, 55.965062], [-160.539059, 56.006293], [-160.460848, 56.137503], [-160.302046, 56.31413], [-159.785073, 56.561608], [-159.283089, 56.688577], [-158.990393, 56.860041], [-158.918021, 56.882156], [-158.918021, 56.84744], [-158.894895, 56.816425], [-158.675168, 56.794881], [-158.665918, 56.827928], [-158.684803, 56.944229], [-158.660801, 57.039415], [-158.585613, 57.114089], [-158.320925, 57.297901], [-158.133548, 57.366423], [-157.845761, 57.528065], [-157.737188, 57.54817], [-157.697396, 57.539282], [-157.645541, 57.497808], [-157.535287, 57.483471], [-157.46191, 57.506202], [-157.571616, 57.540677], [-157.607583, 57.601442], [-157.68068, 57.638082], [-157.697215, 57.679423], [-157.621173, 57.895228], [-157.610865, 58.050827], [-157.55503, 58.13997], [-157.442683, 58.172182], [-157.193706, 58.194177], [-157.339385, 58.23453], [-157.488392, 58.253701], [-157.524438, 58.350754], [-157.523609, 58.421341], [-157.460899, 58.503013], [-157.228846, 58.640914], [-156.974649, 58.736341], [-157.040485, 58.772541], [-156.808899, 59.134277], [-156.963361, 58.988851], [-157.142032, 58.877647], [-157.66572, 58.748503], [-158.021927, 58.640189], [-158.190935, 58.61425], [-158.302578, 58.641793], [-158.503188, 58.850357], [-158.476266, 58.938369], [-158.425622, 58.999288], [-158.314493, 59.009318], [-158.189226, 58.979941], [-158.080528, 58.977436], [-158.220595, 59.037487], [-158.422807, 59.089826], [-158.514427, 59.07283], [-158.584476, 58.987796], [-158.678266, 58.929371], [-158.809473, 58.973866], [-158.77555, 58.902553], [-158.837741, 58.793953], [-158.861381, 58.718763], [-158.772112, 58.520328], [-158.788624, 58.440952], [-158.950705, 58.404554], [-159.082687, 58.469769], [-159.454214, 58.792899], [-159.670274, 58.911134], [-159.741433, 58.894292], [-159.832202, 58.835965], [-159.920208, 58.81987], [-160.152596, 58.905915], [-160.363124, 59.051176], [-160.656649, 58.955057], [-160.817079, 58.871704], [-160.924278, 58.872429], [-161.246845, 58.799458], [-161.328106, 58.743702], [-161.361334, 58.669544], [-161.755444, 58.612031], [-162.14493, 58.644221], [-161.856471, 58.717093], [-161.724387, 58.794294], [-161.780534, 58.897412], [-161.788672, 59.016394], [-161.644391, 59.109679], [-161.79446, 59.10947], [-161.89076, 59.076082], [-161.981037, 59.146153], [-162.02331, 59.283977], [-161.920137, 59.365473], [-161.872232, 59.42826], [-161.831693, 59.514503], [-161.828695, 59.588617], [-161.908638, 59.714135], [-162.138135, 59.980037], [-162.242495, 60.178319], [-162.421347, 60.283974], [-162.287789, 60.456877], [-162.138883, 60.614333], [-161.946595, 60.684821], [-161.961995, 60.695335], [-162.13803, 60.685547], [-162.265025, 60.595217], [-162.468708, 60.394683], [-162.599683, 60.296993], [-162.684974, 60.268956], [-162.547721, 60.231053], [-162.526948, 60.199116], [-162.500488, 60.126562], [-162.570743, 59.989727], [-162.73262, 59.99365], [-162.877856, 59.922755], [-163.219386, 59.845598], [-163.680391, 59.801521], [-163.906889, 59.806794], [-164.142844, 59.896761], [-164.131527, 59.994221], [-164.470498, 60.149304], [-164.66227, 60.303816], [-164.799961, 60.307221], [-165.061134, 60.412536], [-165.02651, 60.500647], [-165.113275, 60.526069], [-165.353829, 60.541219], [-165.015995, 60.740017], [-164.8998, 60.873127], [-164.805155, 60.892046], [-164.370065, 60.795904], [-164.318517, 60.771273], [-164.265652, 60.724669], [-164.372339, 60.591855], [-164.309681, 60.60672], [-163.99957, 60.766054], [-163.894925, 60.74518], [-163.73, 60.589976], [-163.528695, 60.664563], [-163.420949, 60.75743], [-163.511875, 60.798145], [-163.62303, 60.822227], [-163.906527, 60.853802], [-163.837306, 60.880422], [-163.655432, 60.877478], [-163.586909, 60.902977], [-163.749017, 60.969719], [-163.99461, 60.864712], [-164.44156, 60.869985], [-164.75397, 60.931322], [-165.065604, 60.920676], [-165.114825, 60.932816], [-165.175468, 60.965687], [-164.875564, 61.086767], [-164.868975, 61.11175], [-165.077076, 61.094205], [-165.137718, 61.130119], [-165.12777, 61.192445], [-165.203761, 61.152828], [-165.344889, 61.197707], [-165.243939, 61.268767], [-165.273653, 61.274864], [-165.333676, 61.26613], [-165.392043, 61.212308], [-165.380778, 61.106301], [-165.565883, 61.102368], [-165.627585, 61.16521], [-165.69138, 61.299924], [-165.863953, 61.335684], [-165.906276, 61.4038], [-165.797109, 61.491185], [-165.845324, 61.53624], [-165.961311, 61.550874], [-166.09399, 61.506742], [-166.15272, 61.545963], [-166.168094, 61.650816], [-166.100502, 61.64507], [-165.834575, 61.679392], [-165.808918, 61.69608], [-166.019938, 61.748276], [-166.078823, 61.803098], [-165.991387, 61.834189], [-165.833852, 61.836793], [-165.612805, 61.869301], [-165.705798, 61.92743], [-165.725253, 61.959367], [-165.743934, 62.011695], [-165.70727, 62.100443], [-165.447648, 62.303899], [-165.194511, 62.473528], [-165.115601, 62.512672], [-164.999716, 62.53381], [-164.779214, 62.481152], [-164.757871, 62.496731], [-164.796111, 62.511639], [-164.844402, 62.58104], [-164.687978, 62.608275], [-164.596305, 62.686695], [-164.589432, 62.709349], [-164.792701, 62.623205], [-164.84541, 62.800975], [-164.799651, 62.918067], [-164.764072, 62.970626], [-164.677462, 63.020471], [-164.428123, 63.040444], [-164.38425, 63.030468], [-164.375077, 63.053979], [-164.525197, 63.127621], [-164.409055, 63.215061], [-164.1076, 63.26172], [-163.942856, 63.247196], [-163.736228, 63.192813], [-163.616312, 63.125171], [-163.633753, 63.09041], [-163.748991, 63.030337], [-163.737855, 63.016417], [-163.504356, 63.105868], [-163.423172, 63.084521], [-163.358835, 63.045761], [-163.287857, 63.046432], [-163.062237, 63.07972], [-162.947723, 63.115008], [-162.807757, 63.206579], [-162.621489, 63.265807], [-162.3598, 63.452585], [-162.282803, 63.529193], [-162.112476, 63.534181], [-162.056227, 63.471317], [-161.973984, 63.452948], [-161.505433, 63.468164], [-161.266016, 63.496981], [-161.099722, 63.557933], [-160.926709, 63.660556], [-160.826508, 63.729342], [-160.778553, 63.818946], [-160.90397, 64.03118], [-160.987532, 64.251269], [-161.220102, 64.396564], [-161.385674, 64.439938], [-161.490706, 64.433763], [-161.414612, 64.526367], [-161.193048, 64.516424], [-161.048795, 64.534464], [-160.931952, 64.579112], [-160.836017, 64.681944], [-160.855911, 64.755608], [-160.886969, 64.795554], [-161.063239, 64.904], [-161.130184, 64.925445], [-161.186901, 64.92405], [-161.466366, 64.794862], [-161.634005, 64.792478], [-161.759371, 64.816252], [-161.868331, 64.742666], [-162.172266, 64.678066], [-162.334633, 64.612851], [-162.635726, 64.450847], [-162.71107, 64.377513], [-162.807008, 64.374206], [-162.876435, 64.516424], [-163.203883, 64.652018], [-163.302843, 64.605897], [-163.248299, 64.563292], [-163.174092, 64.532959], [-163.051748, 64.519731], [-163.144352, 64.423821], [-163.486191, 64.549812], [-163.713103, 64.588253], [-164.303971, 64.583913], [-164.691828, 64.507438], [-164.764924, 64.529652], [-164.82952, 64.511382], [-164.899491, 64.460669], [-164.978761, 64.453659], [-166.142774, 64.582782], [-166.325114, 64.625716], [-166.481383, 64.728087], [-166.478101, 64.797543], [-166.408674, 64.826953], [-166.415237, 64.926533], [-166.550862, 64.952988], [-166.92841, 65.157059], [-166.762529, 65.134911], [-166.531018, 65.15473], [-166.451643, 65.247334], [-166.279665, 65.273789], [-166.121482, 65.260715], [-166.157037, 65.28583], [-166.197395, 65.305572], [-166.609385, 65.352759], [-166.665377, 65.33829], [-167.403988, 65.422104], [-167.987234, 65.567783], [-168.035009, 65.595611], [-168.088364, 65.65775], [-168.009687, 65.719142], [-167.930571, 65.748157], [-167.91437, 65.681184], [-167.58005, 65.758308], [-167.405306, 65.859338], [-167.074215, 65.877059], [-166.894458, 65.959182], [-166.747671, 66.05183], [-166.398726, 66.144433], [-166.214577, 66.170273], [-166.008931, 66.12134], [-165.723677, 66.112551], [-165.629911, 66.131206], [-165.560225, 66.167076], [-165.840259, 66.245057], [-165.811863, 66.288464], [-165.776154, 66.31905], [-165.449404, 66.409896], [-165.198309, 66.439922], [-165.06395, 66.437834], [-164.674129, 66.555004], [-164.460499, 66.588446], [-163.727675, 66.61645], [-163.638223, 66.574669], [-163.89397, 66.575889], [-163.775477, 66.531108], [-163.793718, 66.492634], [-163.902859, 66.378376], [-163.89397, 66.286915], [-164.033754, 66.215548], [-163.695378, 66.083822], [-163.171456, 66.07545], [-162.886486, 66.099225], [-162.721768, 66.059795], [-162.586866, 66.050852], [-162.214279, 66.071056], [-161.933676, 66.042898], [-161.816319, 66.053642], [-161.556852, 66.250528], [-161.455411, 66.281411], [-161.201084, 66.219371], [-161.109231, 66.23952], [-161.034301, 66.188807], [-161.069542, 66.294639], [-161.120291, 66.334321], [-161.544424, 66.407029], [-161.828153, 66.370829], [-161.916907, 66.411841], [-161.88758, 66.493074], [-162.191179, 66.693135], [-162.317735, 66.733707], [-162.467442, 66.735641], [-162.543639, 66.805118], [-162.607433, 66.894393], [-162.361609, 66.947314], [-162.253553, 66.918629], [-162.131416, 66.80135], [-162.01765, 66.784112], [-162.050723, 66.667273], [-161.909596, 66.559607], [-161.591036, 66.45951], [-161.335935, 66.496359], [-161.155791, 66.495293], [-161.048122, 66.474232], [-160.784494, 66.384375], [-160.650549, 66.373103], [-160.231711, 66.420289], [-160.227322, 66.50852], [-160.262564, 66.57245], [-160.360878, 66.612528], [-160.643781, 66.60498], [-160.864024, 66.670865], [-161.051456, 66.652782], [-161.39805, 66.55185], [-161.571734, 66.591599], [-161.680901, 66.64552], [-161.856679, 66.70032], [-161.878745, 66.803932], [-161.731311, 66.922793], [-161.622196, 66.979318], [-161.719943, 67.02056], [-161.965431, 67.049553], [-162.391529, 67.01989], [-162.41158, 67.060298], [-162.409409, 67.103968], [-162.583119, 67.018495], [-162.761403, 67.036424], [-163.001698, 67.027284], [-163.531822, 67.102573], [-163.72057, 67.195539], [-163.799789, 67.270983], [-163.942701, 67.477591], [-164.12517, 67.606725], [-165.386023, 68.045585], [-165.959581, 68.155887], [-166.235946, 68.277956], [-166.7863, 68.359596], [-166.5459, 68.424349], [-166.647859, 68.373812], [-166.570396, 68.361068], [-166.447044, 68.390248], [-166.380537, 68.425129], [-166.282945, 68.573236], [-166.182047, 68.797192], [-166.209075, 68.885358], [-165.509479, 68.867582], [-165.043951, 68.882457], [-164.302368, 68.936488], [-164.150182, 68.961163], [-163.867925, 69.036661], [-163.535671, 69.17009], [-163.250547, 69.345377], [-163.205201, 69.392509], [-163.187113, 69.380468], [-163.161456, 69.38796], [-163.093554, 69.610708], [-162.952116, 69.758123], [-162.350395, 70.094117], [-161.880967, 70.331752], [-161.761077, 70.257649], [-162.073874, 70.161969], [-161.768156, 70.196543], [-161.638991, 70.234523], [-160.996266, 70.304594], [-160.647656, 70.420565], [-160.634119, 70.446394], [-160.117146, 70.591194], [-159.96315, 70.568145], [-160.106396, 70.472574], [-160.005552, 70.447537], [-160.09508, 70.333279], [-159.907546, 70.331466], [-159.865688, 70.278842], [-159.857522, 70.389243], [-159.814994, 70.497096], [-159.683296, 70.477167], [-159.386753, 70.524529], [-159.746214, 70.53045], [-159.961832, 70.634063], [-160.081594, 70.634865], [-159.680895, 70.786794], [-159.314507, 70.878519], [-159.231722, 70.876762], [-159.191723, 70.859656], [-159.183171, 70.831959], [-159.339855, 70.781257], [-159.304147, 70.752528], [-159.251154, 70.748452], [-159.075065, 70.772062], [-158.996285, 70.801593], [-158.620934, 70.799033], [-158.510835, 70.820127], [-158.484377, 70.841056], [-157.998465, 70.845286], [-157.909374, 70.860117], [-157.605622, 70.941251], [-157.324734, 71.039623], [-157.19531, 71.09328], [-156.973358, 71.230016], [-156.783292, 71.31895], [-156.470237, 71.407687], [-156.395255, 71.396679], [-156.496695, 71.379078], [-156.567232, 71.341538], [-156.469979, 71.291561], [-155.811156, 71.188422], [-155.645584, 71.182786], [-155.579438, 71.121086], [-155.634578, 71.061585], [-155.804333, 70.995436], [-156.146588, 70.927815], [-156.041943, 70.902239], [-155.973523, 70.841979], [-155.872237, 70.83464], [-155.708036, 70.857283], [-155.579386, 70.894329], [-155.313382, 71.014991], [-155.229718, 71.082228], [-155.166855, 71.099224], [-154.943818, 71.083052], [-154.673681, 70.987086], [-154.726314, 70.92776], [-154.785222, 70.894307], [-154.59862, 70.847977], [-154.392198, 70.838309], [-154.195235, 70.80111], [-153.918223, 70.877333], [-153.497704, 70.891077], [-153.232915, 70.932572], [-152.784906, 70.876036], [-152.670829, 70.890714], [-152.49123, 70.880947], [-152.300414, 70.846791], [-152.232925, 70.81036], [-152.437255, 70.733258], [-152.470584, 70.653618], [-152.399192, 70.620472], [-152.269666, 70.61476], [-152.253363, 70.568254], [-152.172929, 70.556653], [-151.769025, 70.560136], [-151.819617, 70.511301], [-151.944674, 70.452107], [-151.22482, 70.418752], [-151.12803, 70.451613], [-150.662633, 70.509906], [-150.543519, 70.490142], [-150.403218, 70.443922], [-150.273637, 70.434309], [-150.15251, 70.443713], [-149.870098, 70.509653], [-149.544046, 70.512905], [-149.410617, 70.491405], [-149.269437, 70.500765], [-148.844785, 70.425212], [-148.688359, 70.416324], [-148.479199, 70.317931], [-148.371146, 70.314987], [-148.248774, 70.356735], [-148.142734, 70.355449], [-148.039073, 70.315503], [-147.869521, 70.303253], [-147.790587, 70.240159], [-147.705347, 70.217208], [-147.062929, 70.170396], [-146.744886, 70.191742], [-146.281247, 70.186161], [-146.057669, 70.156234], [-145.823136, 70.160057], [-145.440084, 70.050919], [-145.236815, 70.033945], [-145.197385, 70.008699], [-144.619177, 69.982134], [-144.416891, 70.039032], [-144.064096, 70.054127], [-143.746415, 70.101973], [-143.357032, 70.089569], [-143.218332, 70.116233], [-142.707872, 70.033813], [-142.422128, 69.939507], [-142.296994, 69.869897], [-141.699201, 69.770372], [-141.526369, 69.714716], [-141.407901, 69.653368], [-141.338629, 69.646754], [-141.289666, 69.664684], [-141.002137, 69.650786], [-141.002137, 60.300245], [-140.525421, 60.218342], [-140.452818, 60.299729], [-139.973284, 60.183153], [-139.676302, 60.328337], [-139.079258, 60.343707], [-139.079258, 60.279448], [-139.185169, 60.083573], [-139.056519, 60.001582]]], [[[-165.822198, 66.328092], [-166.148639, 66.221821], [-166.146468, 66.237169], [-166.032522, 66.277709], [-165.822198, 66.328092]]], [[[-171.463043, 63.640023], [-171.447849, 63.615677], [-171.196909, 63.609118], [-171.034879, 63.585498], [-170.874629, 63.594001], [-170.672522, 63.668829], [-170.430419, 63.698855], [-170.299367, 63.680606], [-170.121832, 63.617512], [-170.017369, 63.491729], [-169.62411, 63.430547], [-169.554528, 63.373495], [-169.427586, 63.348325], [-168.996036, 63.347292], [-168.716001, 63.310609], [-168.761347, 63.213764], [-168.852376, 63.171236], [-169.109052, 63.184925], [-169.36472, 63.171126], [-169.470839, 63.12126], [-169.559283, 63.05822], [-169.571298, 62.996773], [-169.676356, 62.956102], [-169.719815, 62.990105], [-169.777797, 63.09375], [-169.818596, 63.122347], [-169.988482, 63.173126], [-170.189607, 63.196351], [-170.243091, 63.232287], [-170.272702, 63.284275], [-170.527104, 63.379284], [-170.95403, 63.452948], [-171.061232, 63.445895], [-171.401186, 63.339239], [-171.519137, 63.331999], [-171.631818, 63.351203], [-171.790982, 63.424713], [-171.819404, 63.47726], [-171.81793, 63.529819], [-171.746385, 63.703084], [-171.646468, 63.726991], [-171.463043, 63.640023]]], [[[-147.930706, 60.826161], [-148.057417, 60.817943], [-148.123797, 60.844354], [-148.101678, 60.916128], [-148.03773, 60.924137], [-147.964399, 60.900164], [-147.930706, 60.826161]]], [[[-172.860219, 60.505689], [-172.526053, 60.391761], [-172.387508, 60.398485], [-172.277541, 60.343652], [-172.232066, 60.299135], [-172.397172, 60.331128], [-172.635736, 60.328853], [-172.958378, 60.462766], [-173.07403, 60.493209], [-173.047649, 60.568289], [-172.923884, 60.60684], [-172.860219, 60.505689]]], [[[-151.986892, 60.373985], [-152.069034, 60.358077], [-152.004514, 60.407395], [-151.959736, 60.503745], [-151.899405, 60.490363], [-151.887287, 60.472686], [-151.986892, 60.373985]]], [[[-147.658268, 60.450472], [-147.658682, 60.424138], [-147.690048, 60.398902], [-147.659973, 60.352496], [-147.732115, 60.222066], [-147.759916, 60.190228], [-147.815831, 60.185163], [-147.805287, 60.230636], [-147.871356, 60.229757], [-147.891433, 60.299421], [-147.854898, 60.321438], [-147.794539, 60.459876], [-147.779139, 60.466073], [-147.760226, 60.438794], [-147.688576, 60.491396], [-147.658268, 60.450472]]], [[[-146.393928, 60.449648], [-146.371681, 60.422149], [-146.179546, 60.428763], [-146.102238, 60.411196], [-146.202389, 60.367998], [-146.419172, 60.32503], [-146.595335, 60.26844], [-146.618332, 60.273691], [-146.702874, 60.395595], [-146.67024, 60.432641], [-146.560299, 60.480542], [-146.393928, 60.449648]]], [[[-145.118528, 60.337093], [-145.150462, 60.312649], [-145.284254, 60.336829], [-145.128138, 60.401121], [-145.10243, 60.388256], [-145.118528, 60.337093]]], [[[-166.184942, 60.396782], [-166.043632, 60.33394], [-165.840931, 60.346245], [-165.729697, 60.314198], [-165.695824, 60.281535], [-165.689364, 60.224132], [-165.714401, 60.172869], [-165.712335, 60.069356], [-165.630583, 60.028377], [-165.5918, 59.913142], [-165.946739, 59.890037], [-166.099831, 59.84963], [-166.131198, 59.819758], [-166.106677, 59.77545], [-166.148716, 59.764134], [-166.261603, 59.814902], [-166.627654, 59.86467], [-166.985047, 59.983883], [-167.138863, 60.008536], [-167.295106, 60.095713], [-167.436415, 60.206663], [-167.251724, 60.233536], [-166.836323, 60.217002], [-166.784387, 60.296422], [-166.475699, 60.382774], [-166.363871, 60.364735], [-166.184942, 60.396782]]], [[[-147.668759, 59.831546], [-147.846318, 59.798829], [-147.872468, 59.828393], [-147.768081, 59.943728], [-147.465825, 60.097009], [-147.33653, 60.185372], [-147.205246, 60.311308], [-147.180881, 60.358253], [-147.120006, 60.363087], [-147.019857, 60.332237], [-146.957873, 60.288874], [-146.986734, 60.254355], [-147.318471, 60.0753], [-147.376529, 59.991167], [-147.447583, 59.960273], [-147.499312, 59.890191], [-147.540214, 59.867504], [-147.644936, 59.853607], [-147.668759, 59.831546]]], [[[-148.021761, 60.065324], [-148.07416, 60.034705], [-148.271873, 60.053261], [-148.230688, 60.113543], [-148.079588, 60.151655], [-147.914197, 60.092351], [-148.021761, 60.065324]]], [[[-144.565641, 59.818418], [-144.613596, 59.812628], [-144.444926, 59.950704], [-144.353973, 59.996187], [-144.235738, 60.015205], [-144.248968, 59.982125], [-144.403246, 59.921096], [-144.565641, 59.818418]]], [[[-160.918983, 58.577094], [-160.992388, 58.561054], [-161.07024, 58.56914], [-161.131503, 58.668204], [-161.08458, 58.67128], [-160.986241, 58.736418], [-160.715145, 58.795228], [-160.918983, 58.577094]]], [[[-152.36227, 58.570843], [-152.515518, 58.478602], [-152.636621, 58.541696], [-152.463169, 58.618491], [-152.367928, 58.611097], [-152.36227, 58.570843]]], [[[-152.543577, 58.428186], [-152.380771, 58.352094], [-152.343022, 58.411629], [-152.316279, 58.413486], [-152.197939, 58.363103], [-152.125232, 58.374265], [-152.07854, 58.312357], [-151.974387, 58.309852], [-151.9825, 58.244351], [-152.109107, 58.161152], [-152.186544, 58.184663], [-152.251684, 58.251119], [-152.268375, 58.25169], [-152.334365, 58.208075], [-152.305221, 58.154077], [-152.30925, 58.133873], [-152.451619, 58.12927], [-152.537661, 58.101002], [-152.558228, 58.118624], [-152.571354, 58.168238], [-152.598226, 58.162602], [-152.683052, 58.06333], [-152.781522, 58.015946], [-152.928437, 57.99372], [-153.381329, 58.087203], [-153.115817, 58.238518], [-152.976134, 58.297009], [-152.771857, 58.278563], [-152.768707, 58.34559], [-152.843922, 58.395611], [-152.841104, 58.416386], [-152.674655, 58.450598], [-152.61228, 58.445687], [-152.543577, 58.428186]]], [[[-134.680274, 58.161668], [-134.426127, 58.138828], [-134.240096, 58.143991], [-134.070159, 57.994544], [-133.965515, 57.873782], [-133.904123, 57.789188], [-133.822731, 57.628678], [-133.826917, 57.61757], [-133.925024, 57.670799], [-134.031658, 57.820609], [-134.104728, 57.879364], [-134.17754, 57.982174], [-134.180281, 58.011134], [-134.24994, 58.049168], [-134.306887, 58.034392], [-134.3004, 57.963442], [-134.267095, 57.884527], [-133.937016, 57.581579], [-133.920866, 57.491964], [-133.973754, 57.45138], [-133.908825, 57.368719], [-133.925305, 57.33676], [-134.100026, 57.30012], [-134.260146, 57.146795], [-134.435301, 57.056982], [-134.516018, 57.042568], [-134.554777, 57.057553], [-134.613093, 57.137962], [-134.619531, 57.195531], [-134.575888, 57.231752], [-134.4892, 57.420168], [-134.486772, 57.482021], [-134.659889, 57.638082], [-134.78148, 58.077854], [-134.907653, 58.262775], [-134.933125, 58.328946], [-134.923489, 58.354654], [-134.836983, 58.320157], [-134.680274, 58.161668]]], [[[-134.312727, 58.228905], [-134.319857, 58.204097], [-134.45623, 58.206525], [-134.593999, 58.24311], [-134.661597, 58.290911], [-134.647974, 58.312412], [-134.519973, 58.332539], [-134.398898, 58.287187], [-134.312727, 58.228905]]], [[[-135.787059, 58.268488], [-135.587481, 58.146782], [-135.615386, 58.057485], [-135.693104, 58.038522], [-135.671142, 58.011914], [-135.613244, 57.991864], [-135.421187, 58.102375], [-135.346617, 58.124106], [-135.162854, 58.095838], [-135.002091, 58.05108], [-134.95468, 58.015319], [-134.927983, 57.952763], [-134.970643, 57.817247], [-135.102578, 57.793659], [-135.231222, 57.815797], [-135.338476, 57.768665], [-135.249542, 57.732553], [-134.978839, 57.724357], [-134.896617, 57.648002], [-134.873106, 57.589204], [-134.931499, 57.481142], [-135.084851, 57.511014], [-135.220219, 57.573647], [-135.497844, 57.662274], [-135.564223, 57.666427], [-135.608564, 57.650749], [-135.617814, 57.480373], [-135.691945, 57.419904], [-135.910765, 57.446568], [-135.996656, 57.534887], [-136.076598, 57.674567], [-136.459906, 57.873079], [-136.56861, 57.972176], [-136.512283, 58.095992], [-136.369527, 58.143035], [-136.321983, 58.218874], [-136.143725, 58.098475], [-136.142357, 58.153923], [-136.094374, 58.198154], [-135.947404, 58.2058], [-135.881728, 58.247142], [-135.787059, 58.268488]]], [[[-152.898051, 57.823916], [-152.890817, 57.768984], [-152.616027, 57.848876], [-152.511563, 57.851458], [-152.428779, 57.825673], [-152.411931, 57.805931], [-152.419166, 57.78231], [-152.485416, 57.73441], [-152.482625, 57.703297], [-152.411492, 57.646091], [-152.236515, 57.614912], [-152.215276, 57.597696], [-152.216234, 57.576998], [-152.336664, 57.48223], [-152.412189, 57.454786], [-152.831131, 57.502873], [-152.940788, 57.498094], [-152.997453, 57.468947], [-152.781366, 57.453391], [-152.71951, 57.410863], [-152.679047, 57.345131], [-152.789092, 57.320632], [-152.879034, 57.320819], [-152.990295, 57.281982], [-153.051607, 57.237641], [-153.274361, 57.226347], [-153.443704, 57.167208], [-153.503544, 57.138006], [-153.524423, 57.103081], [-153.588295, 57.077702], [-153.732576, 57.052335], [-153.646533, 57.029593], [-153.631444, 56.983703], [-153.643328, 56.960764], [-153.757251, 56.858338], [-153.972715, 56.774205], [-154.050797, 56.788476], [-154.070847, 56.820666], [-153.79319, 56.989493], [-153.879724, 57.0035], [-153.999381, 57.049951], [-154.102991, 57.021221], [-154.025424, 57.108475], [-154.035037, 57.121834], [-154.243758, 57.143027], [-154.324426, 57.131788], [-154.381115, 57.096511], [-154.269543, 57.099466], [-154.23921, 57.086854], [-154.209135, 57.063343], [-154.184331, 57.005302], [-154.260941, 56.911776], [-154.338947, 56.920916], [-154.498781, 57.036569], [-154.569319, 57.205913], [-154.705951, 57.335365], [-154.712205, 57.366269], [-154.673214, 57.446107], [-154.535316, 57.559431], [-154.387083, 57.590467], [-154.281431, 57.638082], [-154.116169, 57.65121], [-154.029844, 57.630699], [-153.995039, 57.587281], [-154.015864, 57.566879], [-154.007907, 57.556179], [-153.947342, 57.530075], [-153.80544, 57.358205], [-153.687718, 57.30513], [-153.756913, 57.366829], [-153.797815, 57.443261], [-153.818357, 57.595609], [-153.838149, 57.635863], [-153.690149, 57.640719], [-153.693146, 57.663405], [-153.808488, 57.714722], [-153.879438, 57.757196], [-153.906105, 57.790792], [-153.904424, 57.819884], [-153.841535, 57.862829], [-153.769006, 57.880396], [-153.695626, 57.871245], [-153.662656, 57.857808], [-153.524473, 57.731026], [-153.487938, 57.730949], [-153.390426, 57.798383], [-153.217465, 57.795747], [-153.200307, 57.820037], [-153.20103, 57.863291], [-153.175192, 57.878847], [-153.168837, 57.910653], [-153.225938, 57.957597], [-153.160465, 57.971967], [-152.943268, 57.93602], [-152.850406, 57.896777], [-152.898051, 57.823916]]], [[[-153.240641, 57.850085], [-153.268571, 57.822366], [-153.294979, 57.829464], [-153.465045, 57.909389], [-153.520081, 57.955741], [-153.481066, 57.971033], [-153.346966, 57.93279], [-153.240641, 57.850085]]], [[[-134.969764, 57.351438], [-134.823184, 57.156562], [-134.620717, 56.718295], [-134.610566, 56.603422], [-134.651721, 56.556027], [-134.657098, 56.523244], [-134.631698, 56.43565], [-134.630045, 56.302452], [-134.654022, 56.22747], [-134.6819, 56.216154], [-134.806469, 56.28127], [-134.950153, 56.45681], [-134.980541, 56.518926], [-134.966644, 56.596127], [-134.875122, 56.670439], [-134.883444, 56.679074], [-135.017796, 56.660156], [-135.159031, 56.725371], [-135.146578, 56.802319], [-135.163112, 56.824127], [-135.284808, 56.800352], [-135.330599, 56.821853], [-135.338377, 56.894], [-135.315147, 56.931826], [-135.199598, 57.027319], [-135.211254, 57.044941], [-135.267373, 57.048874], [-135.341371, 57.08158], [-135.375297, 57.188444], [-135.454931, 57.249429], [-135.501953, 57.243848], [-135.608927, 57.071451], [-135.66187, 57.033724], [-135.812327, 57.009543], [-135.767701, 57.100389], [-135.821138, 57.230412], [-135.822737, 57.280433], [-135.787136, 57.317281], [-135.624505, 57.354382], [-135.580582, 57.390011], [-135.56965, 57.424683], [-135.48728, 57.516485], [-135.44868, 57.534371], [-135.346282, 57.533129], [-135.130659, 57.431638], [-135.065235, 57.416707], [-134.969764, 57.351438]]], [[[-170.160565, 57.183951], [-170.263995, 57.136776], [-170.357994, 57.154211], [-170.386622, 57.203023], [-170.116174, 57.241783], [-170.160565, 57.183951]]], [[[-152.933425, 57.129228], [-153.156821, 57.093929], [-153.235422, 57.028615], [-153.295391, 57.000424], [-153.374586, 57.051917], [-153.35433, 57.131909], [-153.285212, 57.185039], [-152.935465, 57.167307], [-152.908414, 57.152431], [-152.933425, 57.129228]]], [[[-133.366221, 57.0035], [-133.299716, 56.972178], [-133.263538, 57.004973], [-133.070788, 56.974277], [-132.996218, 56.93043], [-132.954152, 56.880278], [-132.959167, 56.677053], [-133.004123, 56.623725], [-133.034923, 56.620726], [-133.132383, 56.68326], [-133.244004, 56.795859], [-133.328961, 56.83007], [-133.309065, 56.786246], [-133.239719, 56.725689], [-133.227261, 56.689259], [-133.156619, 56.611124], [-133.144737, 56.528232], [-133.180805, 56.47397], [-133.382756, 56.473894], [-133.484198, 56.451745], [-133.602795, 56.464094], [-133.649279, 56.516806], [-133.688165, 56.710023], [-133.68098, 56.797518], [-133.823066, 56.924377], [-133.979467, 57.009598], [-133.962362, 57.043447], [-133.865984, 57.068715], [-133.707726, 57.062827], [-133.366221, 57.0035]]], [[[-134.000599, 56.869193], [-133.924788, 56.77571], [-133.830872, 56.781291], [-133.778132, 56.728886], [-133.738367, 56.650444], [-133.767283, 56.600115], [-133.809009, 56.611322], [-133.855261, 56.582175], [-133.883579, 56.485495], [-133.870455, 56.388651], [-133.884611, 56.292125], [-133.93851, 56.193676], [-133.9497, 56.127714], [-133.994013, 56.101127], [-134.067468, 56.13301], [-134.122427, 56.077408], [-134.189581, 56.076968], [-134.245056, 56.203267], [-134.195469, 56.413513], [-134.084398, 56.456348], [-134.150491, 56.513499], [-134.290249, 56.58001], [-134.278389, 56.617111], [-134.384401, 56.72403], [-134.373679, 56.838651], [-134.274434, 56.918181], [-134.143279, 56.932342], [-134.000599, 56.869193]]], [[[-132.746878, 56.525694], [-132.757628, 56.511016], [-132.884702, 56.512467], [-132.930795, 56.524453], [-132.948027, 56.567244], [-132.936249, 56.606828], [-132.870645, 56.696389], [-132.842531, 56.794771], [-132.655878, 56.68471], [-132.598673, 56.635711], [-132.567977, 56.575825], [-132.746878, 56.525694]]], [[[-169.755214, 56.635041], [-169.623904, 56.615145], [-169.550498, 56.62812], [-169.485696, 56.617738], [-169.474327, 56.594062], [-169.586878, 56.542437], [-169.632611, 56.5457], [-169.766169, 56.607938], [-169.755214, 56.635041]]], [[[-154.115963, 56.543887], [-154.257788, 56.512675], [-154.332124, 56.539031], [-154.322204, 56.570606], [-154.216757, 56.60874], [-154.110382, 56.602928], [-154.102268, 56.581658], [-154.115963, 56.543887]]], [[[-154.511182, 56.521431], [-154.75122, 56.412139], [-154.773931, 56.42028], [-154.777161, 56.439913], [-154.729362, 56.502128], [-154.623734, 56.561301], [-154.517541, 56.600522], [-154.463356, 56.598204], [-154.444882, 56.573188], [-154.511182, 56.521431]]], [[[-132.112346, 56.109389], [-132.132935, 55.943254], [-132.210295, 55.952966], [-132.28732, 55.9294], [-132.36858, 55.939738], [-132.420595, 55.979531], [-132.406049, 56.028881], [-132.451159, 56.056369], [-132.659905, 56.078177], [-132.691381, 56.130065], [-132.699027, 56.19817], [-132.675203, 56.223625], [-132.598722, 56.241632], [-132.379847, 56.498778], [-132.316494, 56.487484], [-132.066896, 56.244213], [-132.112346, 56.109389]]], [[[-132.779897, 56.247268], [-132.891442, 56.259407], [-133.035028, 56.340904], [-133.037664, 56.364832], [-133.017092, 56.392012], [-132.902038, 56.453767], [-132.643343, 56.435156], [-132.62911, 56.411909], [-132.657581, 56.3393], [-132.646573, 56.313207], [-132.669392, 56.287313], [-132.779897, 56.247268]]], [[[-133.566107, 56.339201], [-133.376636, 56.317756], [-133.203003, 56.319843], [-133.143704, 56.278579], [-133.081741, 56.194193], [-133.075435, 56.15585], [-133.096622, 56.090042], [-132.757573, 55.99501], [-132.597612, 55.895035], [-132.496972, 55.798091], [-132.430153, 55.686987], [-132.288869, 55.558106], [-132.1727, 55.480598], [-132.295873, 55.50747], [-132.51126, 55.593922], [-132.528854, 55.590461], [-132.581748, 55.502658], [-132.63128, 55.473182], [-132.591592, 55.464371], [-132.417854, 55.482916], [-132.272021, 55.39864], [-132.215283, 55.383544], [-132.160247, 55.322977], [-132.15839, 55.299829], [-132.214871, 55.236789], [-132.206708, 55.224429], [-132.005092, 55.230637], [-131.976434, 55.208598], [-132.000385, 55.03385], [-131.977599, 54.969459], [-131.996561, 54.901398], [-131.980878, 54.804818], [-132.021703, 54.72632], [-132.134308, 54.712554], [-132.18924, 54.734846], [-132.266314, 54.802335], [-132.341323, 54.907243], [-132.48648, 54.950397], [-132.549371, 54.952595], [-132.593866, 54.995738], [-132.588488, 55.052351], [-132.626962, 55.110051], [-132.622183, 55.135967], [-132.665332, 55.146767], [-132.701741, 55.13054], [-132.68285, 55.07395], [-132.704141, 55.030081], [-132.782303, 55.048472], [-132.912607, 55.188493], [-133.060582, 55.300916], [-133.118535, 55.327657], [-133.103005, 55.360242], [-132.970818, 55.376151], [-132.958909, 55.395563], [-133.082466, 55.504108], [-133.078407, 55.534903], [-133.033402, 55.589681], [-133.089624, 55.612576], [-133.243773, 55.595416], [-133.298265, 55.606885], [-133.369012, 55.688953], [-133.553264, 55.691173], [-133.680183, 55.785172], [-133.584064, 55.836544], [-133.411721, 55.798355], [-133.322139, 55.84463], [-133.308472, 55.886455], [-133.241527, 55.92082], [-133.289224, 56.018697], [-133.371231, 56.035913], [-133.538613, 55.999273], [-133.68421, 55.942792], [-133.742531, 55.964853], [-133.755187, 55.999471], [-133.530862, 56.145666], [-133.54409, 56.176516], [-133.594424, 56.216363], [-133.59861, 56.316251], [-133.566107, 56.339201]]], [[[-130.979134, 55.489167], [-131.013911, 55.379282], [-131.08274, 55.266804], [-131.18788, 55.206291], [-131.261878, 55.219782], [-131.316321, 55.268518], [-131.42068, 55.2759], [-131.450936, 55.316286], [-131.422361, 55.368427], [-131.44758, 55.408791], [-131.521837, 55.341071], [-131.641285, 55.29895], [-131.76252, 55.165828], [-131.810991, 55.223111], [-131.846082, 55.416251], [-131.647564, 55.58555], [-131.62496, 55.831688], [-131.269217, 55.955394], [-131.23617, 55.948989], [-131.120671, 55.856638], [-130.997789, 55.727658], [-130.965956, 55.669518], [-130.979134, 55.489167]]], [[[-155.566002, 55.821196], [-155.60489, 55.789566], [-155.680622, 55.79184], [-155.723202, 55.802178], [-155.737361, 55.829798], [-155.593959, 55.924335], [-155.573239, 55.921083], [-155.566002, 55.821196]]], [[[-133.305088, 55.543747], [-133.281704, 55.497857], [-133.426476, 55.431445], [-133.463088, 55.376667], [-133.650185, 55.269287], [-133.634991, 55.413306], [-133.737131, 55.496923], [-133.634238, 55.539243], [-133.454771, 55.522291], [-133.345578, 55.559095], [-133.305088, 55.543747]]], [[[-160.684914, 55.314814], [-160.638821, 55.321944], [-160.552778, 55.380754], [-160.583164, 55.307629], [-160.531177, 55.233196], [-160.482677, 55.197403], [-160.487539, 55.184846], [-160.609081, 55.159006], [-160.701789, 55.177617], [-160.79509, 55.145218], [-160.825476, 55.174002], [-160.839662, 55.33538], [-160.789199, 55.383083], [-160.723932, 55.404627], [-160.672175, 55.379381], [-160.684914, 55.314814]]], [[[-160.329278, 55.337709], [-160.343308, 55.258795], [-160.517482, 55.333831], [-160.492939, 55.352332], [-160.3623, 55.356979], [-160.329278, 55.337709]]], [[[-132.982189, 55.033026], [-132.837724, 54.880942], [-132.772306, 54.926052], [-132.617223, 54.892412], [-132.646963, 54.756137], [-132.705822, 54.684155], [-132.807286, 54.709116], [-133.008929, 54.854838], [-133.075413, 54.92135], [-133.080555, 54.949442], [-133.122698, 54.969821], [-133.251162, 55.175134], [-133.417972, 55.210718], [-133.45381, 55.260344], [-133.429036, 55.303806], [-133.296563, 55.325723], [-133.097402, 55.21374], [-133.067064, 55.166191], [-132.995751, 55.110589], [-132.982189, 55.033026]]], [[[-159.872975, 55.128749], [-160.038418, 55.044495], [-160.169597, 54.941685], [-160.227061, 54.92269], [-160.153604, 55.038343], [-160.172077, 55.123048], [-160.133735, 55.120147], [-160.038753, 55.192547], [-159.981651, 55.197766], [-159.920466, 55.267529], [-159.871063, 55.263552], [-159.898243, 55.221276], [-159.839411, 55.182374], [-159.872975, 55.128749]]], [[[-131.339727, 55.079838], [-131.237461, 54.949518], [-131.232034, 54.903782], [-131.329521, 54.887764], [-131.406183, 54.894301], [-131.44569, 54.909341], [-131.456105, 54.930545], [-131.431326, 54.996485], [-131.481736, 55.035245], [-131.54003, 55.048472], [-131.59222, 55.025687], [-131.595115, 55.090748], [-131.555993, 55.137407], [-131.578477, 55.248775], [-131.565452, 55.264123], [-131.512663, 55.262728], [-131.404634, 55.213322], [-131.339727, 55.079838]]], [[[-159.515117, 55.151876], [-159.520385, 55.072148], [-159.534986, 55.059634], [-159.561496, 55.080926], [-159.617718, 55.057316], [-159.648491, 55.074576], [-159.639655, 55.12397], [-159.597954, 55.125706], [-159.595268, 55.182011], [-159.574751, 55.217717], [-159.545088, 55.225978], [-159.515117, 55.151876]]], [[[-159.361998, 54.972403], [-159.421349, 54.978138], [-159.461916, 55.05881], [-159.390422, 55.040881], [-159.361998, 54.972403]]], [[[-163.476037, 54.980731], [-163.378962, 54.815518], [-163.336898, 54.783218], [-163.13505, 54.723277], [-163.083271, 54.669016], [-163.358085, 54.735681], [-163.53084, 54.63832], [-163.583033, 54.625663], [-164.073313, 54.621005], [-164.171266, 54.603021], [-164.234621, 54.571347], [-164.403499, 54.447839], [-164.590801, 54.404333], [-164.823423, 54.419077], [-164.866184, 54.461374], [-164.903935, 54.544782], [-164.887656, 54.607833], [-164.706194, 54.691988], [-164.529796, 54.880832], [-164.478637, 54.906826], [-164.273689, 54.900058], [-164.145066, 54.955143], [-163.807153, 55.049099], [-163.607476, 55.050856], [-163.553009, 55.037827], [-163.476037, 54.980731]]], [[[-162.29815, 54.847038], [-162.321921, 54.842391], [-162.390754, 54.872977], [-162.433904, 54.931534], [-162.264612, 54.983521], [-162.233761, 54.93205], [-162.29815, 54.847038]]], [[[-162.554413, 54.401356], [-162.641127, 54.379526], [-162.73311, 54.402311], [-162.81171, 54.444378], [-162.820548, 54.494553], [-162.64539, 54.462055], [-162.554413, 54.401356]]], [[[-165.561155, 54.136695], [-165.615364, 54.13954], [-165.654147, 54.253304], [-165.550613, 54.284538], [-165.487671, 54.221883], [-165.407857, 54.196845], [-165.561155, 54.136695]]], [[[-165.692878, 54.099924], [-165.909841, 54.049156], [-165.932889, 54.059153], [-166.036423, 54.047189], [-166.102827, 54.113953], [-166.105825, 54.144814], [-166.04128, 54.191242], [-165.966402, 54.211028], [-165.892866, 54.206974], [-165.704247, 54.119897], [-165.692878, 54.099924]]], [[[-166.615355, 53.90095], [-166.572178, 53.853456], [-166.497481, 53.883537], [-166.37232, 53.998981], [-166.230881, 53.932602], [-166.488747, 53.785506], [-166.545617, 53.726487], [-166.549209, 53.700955], [-166.384723, 53.720522], [-166.338782, 53.717654], [-166.309455, 53.697494], [-166.702196, 53.536677], [-166.770409, 53.47601], [-167.153642, 53.407851], [-167.300455, 53.350491], [-167.428793, 53.325684], [-167.522482, 53.276235], [-167.628625, 53.259437], [-167.669424, 53.259953], [-167.808769, 53.323773], [-167.710094, 53.370904], [-167.530182, 53.39369], [-167.136097, 53.526448], [-167.092353, 53.635949], [-167.042408, 53.654604], [-167.015743, 53.698373], [-166.894149, 53.697132], [-166.818727, 53.641376], [-166.803663, 53.68541], [-166.741263, 53.712952], [-166.889601, 53.758578], [-167.071501, 53.783386], [-167.105608, 53.813356], [-167.118166, 53.872628], [-167.038067, 53.942182], [-166.978097, 53.962935], [-166.673284, 54.005958], [-166.627394, 53.995674], [-166.615355, 53.90095]]], [[[-166.209746, 53.723279], [-166.249433, 53.745142], [-166.250751, 53.767774], [-166.187732, 53.822475], [-166.113731, 53.843074], [-166.102672, 53.832791], [-166.138639, 53.787418], [-166.209746, 53.723279]]], [[[-167.865148, 53.387306], [-168.27068, 53.238046], [-168.505627, 53.043171], [-169.088898, 52.832024], [-169.07311, 52.86416], [-168.909167, 52.951182], [-168.795867, 53.044929], [-168.777806, 53.148793], [-168.689827, 53.227247], [-168.639029, 53.255767], [-168.436638, 53.25691], [-168.380414, 53.283442], [-168.362973, 53.303569], [-168.397262, 53.321916], [-168.396433, 53.408785], [-168.357212, 53.457564], [-168.287707, 53.500147], [-168.073276, 53.55699], [-167.98571, 53.558177], [-167.828097, 53.507947], [-167.804688, 53.484953], [-167.865148, 53.387306]]], [[[-169.691962, 52.847372], [-169.722762, 52.792331], [-169.877326, 52.813754], [-169.980549, 52.806031], [-169.991841, 52.829849], [-169.982564, 52.851042], [-169.820637, 52.883386], [-169.754904, 52.883649], [-169.691962, 52.847372]]], [[[-170.733397, 52.581492], [-170.797347, 52.549764], [-170.81608, 52.561541], [-170.827035, 52.600718], [-170.682083, 52.697563], [-170.58462, 52.667581], [-170.614025, 52.609606], [-170.733397, 52.581492]]], [[[-174.677394, 52.03501], [-175.213873, 51.99391], [-175.295548, 52.022145], [-174.667757, 52.134953], [-174.306151, 52.216142], [-174.258815, 52.269063], [-174.406507, 52.29598], [-174.435548, 52.317216], [-174.306874, 52.377938], [-174.168898, 52.420191], [-174.045624, 52.367248], [-174.018339, 52.331795], [-174.0549, 52.246014], [-174.163214, 52.223371], [-174.179389, 52.200333], [-174.120633, 52.135217], [-174.343539, 52.07778], [-174.677394, 52.03501]]], [[[-172.31361, 52.329576], [-172.539127, 52.257483], [-172.619846, 52.272831], [-172.582199, 52.325643], [-172.470398, 52.388012], [-172.383115, 52.372928], [-172.31361, 52.329576]]], [[[-173.656837, 52.143742], [-173.357242, 52.095633], [-173.113304, 52.10039], [-173.024317, 52.090513], [-173.022896, 52.079142], [-173.461009, 52.041547], [-173.672572, 52.062663], [-173.835792, 52.048194], [-173.930205, 52.072144], [-173.989581, 52.103587], [-173.9925, 52.123329], [-173.938913, 52.131283], [-173.794115, 52.104312], [-173.656837, 52.143742]]], [[[-175.975274, 52.028946], [-176.045089, 51.973003], [-176.142861, 52.004314], [-176.177535, 52.029847], [-176.184511, 52.056049], [-176.155676, 52.099401], [-176.077412, 52.099972], [-176.031214, 52.082295], [-175.975274, 52.028946]]], [[[-176.593298, 51.8667], [-176.587924, 51.833191], [-176.473383, 51.837377], [-176.437467, 51.820096], [-176.437338, 51.75431], [-176.452351, 51.73571], [-176.511003, 51.74563], [-176.557538, 51.712034], [-176.770961, 51.629944], [-176.837107, 51.675867], [-176.961622, 51.603676], [-176.874418, 51.790488], [-176.736416, 51.839937], [-176.745123, 51.89466], [-176.698356, 51.986055], [-176.596812, 51.981793], [-176.54989, 51.944065], [-176.551595, 51.919566], [-176.593298, 51.8667]]], [[[-177.1482, 51.716736], [-177.2299, 51.693533], [-177.474665, 51.70129], [-177.654887, 51.676592], [-177.670235, 51.701081], [-177.667625, 51.721186], [-177.3347, 51.776216], [-177.257288, 51.804957], [-177.209747, 51.841277], [-177.16639, 51.909437], [-177.110037, 51.928773], [-177.063037, 51.9019], [-177.135125, 51.806912], [-177.1482, 51.716736]]], [[[-177.826969, 51.685887], [-177.901254, 51.616387], [-177.925362, 51.617365], [-178.058894, 51.672604], [-178.078479, 51.691259], [-178.000034, 51.717461], [-177.977245, 51.737775], [-177.986365, 51.764285], [-178.194518, 51.882212], [-178.116616, 51.915853], [-177.953809, 51.918434], [-177.865856, 51.860405], [-177.799607, 51.840036], [-177.6445, 51.826292], [-177.770642, 51.777897], [-177.826969, 51.685887]]], [[[-176.008967, 51.812372], [-176.093355, 51.790488], [-176.204433, 51.834817], [-176.193659, 51.886288], [-176.008967, 51.812372]]], [[[-176.280217, 51.802836], [-176.349644, 51.733282], [-176.396101, 51.759836], [-176.413722, 51.840585], [-176.378582, 51.861119], [-176.280217, 51.802836]]]]}}, {"type": "Feature", "id": "arizona", "properties": {"preset_id": "arizona", "name": "Arizona", "postal": "AZ", "kind": "state", "display_name": "Arizona (U.S. state)"}, "geometry": {"type": "Polygon", "coordinates": [[[-109.047807, 31.327879], [-111.041974, 31.32421], [-114.835955, 32.508327], [-114.787999, 32.564808], [-114.72095, 32.724483], [-114.582176, 32.734723], [-114.516467, 32.772757], [-114.477531, 32.842004], [-114.469, 32.912306], [-114.490863, 32.983618], [-114.550546, 33.036792], [-114.648088, 33.07175], [-114.704388, 33.169781], [-114.719428, 33.330863], [-114.701702, 33.417809], [-114.651159, 33.430619], [-114.60261, 33.469895], [-114.521559, 33.607608], [-114.499257, 33.685875], [-114.509051, 33.903921], [-114.418282, 34.051149], [-114.32932, 34.142027], [-114.125612, 34.286509], [-114.125068, 34.317182], [-114.15879, 34.355217], [-114.308028, 34.43289], [-114.371024, 34.488492], [-114.398001, 34.589698], [-114.557473, 34.794571], [-114.610933, 34.907401], [-114.590987, 35.352776], [-114.648528, 35.475922], [-114.662063, 35.545355], [-114.645166, 35.630543], [-114.650126, 35.683508], [-114.677076, 35.729805], [-114.687101, 35.917341], [-114.741362, 36.013516], [-114.715759, 36.084982], [-114.669144, 36.12172], [-114.505277, 36.156426], [-114.406087, 36.148307], [-114.331545, 36.116293], [-114.281573, 36.060328], [-114.232146, 36.031698], [-114.183207, 36.030303], [-114.119437, 36.076665], [-114.061924, 36.175212], [-114.042879, 36.181771], [-114.04027, 37.004153], [-109.04667, 37.000846], [-109.047807, 31.327879]]]}}, {"type": "Feature", "id": "arkansas", "properties": {"preset_id": "arkansas", "name": "Arkansas", "postal": "AR", "kind": "state", "display_name": "Arkansas (U.S. state)"}, "geometry": {"type": "Polygon", "coordinates": [[[-89.704772, 36.001573], [-89.688908, 35.920956], [-89.763593, 35.888766], [-89.763593, 35.828044], [-89.779655, 35.805742], [-89.894561, 35.750503], [-89.943505, 35.679136], [-89.92652, 35.591652], [-89.967345, 35.50331], [-90.066024, 35.414112], [-90.107882, 35.314203], [-90.092919, 35.203592], [-90.14227, 35.114296], [-90.255956, 35.046389], [-90.29376, 35.004476], [-90.282104, 34.945304], [-90.31994, 34.899161], [-90.41595, 34.851623], [-90.467575, 34.805261], [-90.47476, 34.760052], [-90.53925, 34.72817], [-90.563848, 34.661164], [-90.584008, 34.503708], [-90.635424, 34.413873], [-90.718107, 34.391703], [-90.762338, 34.356426], [-90.768117, 34.308108], [-90.817215, 34.25222], [-90.90972, 34.188763], [-90.940251, 34.128558], [-90.908786, 34.071561], [-90.914729, 34.048622], [-91.043148, 34.002864], [-91.070175, 33.9742], [-91.038183, 33.901394], [-91.052707, 33.827599], [-91.100299, 33.767449], [-91.184125, 33.71567], [-91.207482, 33.675669], [-91.17037, 33.647456], [-91.172721, 33.616683], [-91.214579, 33.583406], [-91.192958, 33.52253], [-91.15433, 33.500206], [-91.141015, 33.438507], [-91.168459, 33.35946], [-91.163339, 33.294454], [-91.106781, 33.217923], [-91.149958, 33.015918], [-94.041307, 33.011996], [-94.047327, 33.554435], [-94.098798, 33.57733], [-94.191534, 33.589009], [-94.294679, 33.58746], [-94.357674, 33.560972], [-94.432008, 33.599731], [-94.484149, 33.648434], [-94.439138, 35.387251], [-94.61838, 36.500869], [-90.162243, 36.500869], [-90.074473, 36.371835], [-90.075659, 36.296721], [-90.149279, 36.215928], [-90.216164, 36.178409], [-90.303043, 36.099374], [-90.381068, 35.99274], [-89.704772, 36.001573]]]}}, {"type": "Feature", "id": "california", "properties": {"preset_id": "california", "name": "California", "postal": "CA", "kind": "state", "display_name": "California (U.S. state)"}, "geometry": {"type": "MultiPolygon", "coordinates": [[[[-114.610543, 34.991117], [-114.610933, 34.907401], [-114.557473, 34.794571], [-114.398001, 34.589698], [-114.371024, 34.488492], [-114.308028, 34.43289], [-114.15879, 34.355217], [-114.125068, 34.317182], [-114.125612, 34.286509], [-114.32932, 34.142027], [-114.418282, 34.051149], [-114.509051, 33.903921], [-114.499257, 33.685875], [-114.521559, 33.607608], [-114.60261, 33.469895], [-114.651159, 33.430619], [-114.701702, 33.417809], [-114.719428, 33.330863], [-114.704388, 33.169781], [-114.648088, 33.07175], [-114.550546, 33.036792], [-114.490863, 32.983618], [-114.469, 32.912306], [-114.477531, 32.842004], [-114.516467, 32.772757], [-114.582176, 32.734723], [-114.839058, 32.704719], [-117.128274, 32.533365], [-117.137393, 32.649172], [-117.183744, 32.687877], [-117.243482, 32.664026], [-117.27069, 32.806266], [-117.255759, 32.87337], [-117.262966, 32.938871], [-117.318826, 33.100051], [-117.467422, 33.295487], [-117.788514, 33.538472], [-117.952095, 33.619606], [-118.080514, 33.722152], [-118.161901, 33.750705], [-118.264403, 33.758616], [-118.294171, 33.712308], [-118.410439, 33.743938], [-118.392949, 33.858295], [-118.506196, 34.01741], [-118.598854, 34.035032], [-118.832045, 34.024463], [-119.143732, 34.112024], [-119.235842, 34.164121], [-119.267647, 34.257439], [-119.413688, 34.338573], [-119.606054, 34.418004], [-119.713203, 34.399657], [-119.853301, 34.411962], [-120.052977, 34.469266], [-120.169559, 34.476451], [-120.396471, 34.459554], [-120.481192, 34.471639], [-120.559821, 34.543885], [-120.644696, 34.579986], [-120.626716, 34.668943], [-120.63762, 34.749352], [-120.624904, 34.811985], [-120.663015, 34.949292], [-120.63361, 35.076459], [-120.659088, 35.122403], [-120.707043, 35.157648], [-120.857374, 35.20969], [-120.88489, 35.274949], [-120.860291, 35.365443], [-120.899589, 35.425121], [-121.02284, 35.480777], [-121.137949, 35.607131], [-121.283831, 35.676323], [-121.343855, 35.792229], [-121.433745, 35.86386], [-121.465012, 35.927394], [-121.664353, 36.154042], [-121.877411, 36.331064], [-121.910178, 36.432919], [-121.918648, 36.572346], [-121.835141, 36.657457], [-121.790004, 36.732285], [-121.807445, 36.851234], [-121.880669, 36.938938], [-122.164215, 36.990969], [-122.3949, 37.207521], [-122.408468, 37.373173], [-122.499237, 37.542615], [-122.514223, 37.771987], [-122.445624, 37.798003], [-122.384101, 37.788544], [-122.390275, 37.741083], [-122.369708, 37.655862], [-122.297594, 37.591866], [-122.228661, 37.563906], [-122.166, 37.501669], [-122.070529, 37.478279], [-122.124142, 37.543812], [-122.222201, 37.732041], [-122.29599, 37.790356], [-122.333432, 37.896605], [-122.385446, 37.960579], [-122.314233, 38.007347], [-122.217031, 38.040647], [-122.086728, 38.049612], [-121.716857, 38.034066], [-121.638101, 38.061268], [-121.525343, 38.055918], [-121.625725, 38.083933], [-121.880773, 38.075012], [-122.031511, 38.123517], [-122.153778, 38.065531], [-122.208297, 38.072529], [-122.337129, 38.135887], [-122.393351, 38.144808], [-122.483889, 38.108839], [-122.494892, 37.95358], [-122.46691, 37.838213], [-122.521325, 37.826403], [-122.584189, 37.874072], [-122.680698, 37.90234], [-122.760382, 37.945648], [-122.932, 38.055457], [-122.998791, 37.988616], [-123.001455, 38.019279], [-122.96815, 38.097007], [-122.977604, 38.227327], [-122.87681, 38.123363], [-122.908154, 38.196587], [-122.986547, 38.277095], [-123.046181, 38.305055], [-123.121162, 38.449283], [-123.289731, 38.535867], [-123.424786, 38.675624], [-123.701125, 38.907293], [-123.719522, 39.110968], [-123.820294, 39.3684], [-123.777788, 39.514957], [-123.783501, 39.618723], [-123.832928, 39.775509], [-123.884476, 39.860796], [-124.108515, 40.09453], [-124.324034, 40.251964], [-124.356537, 40.371078], [-124.371654, 40.491202], [-124.283675, 40.710534], [-124.253908, 40.740307], [-124.242334, 40.727903], [-124.250601, 40.70392], [-124.220009, 40.696482], [-124.190242, 40.771727], [-124.222487, 40.775034], [-124.21918, 40.790745], [-124.133091, 40.969778], [-124.140013, 41.155886], [-124.068519, 41.384171], [-124.071903, 41.459516], [-124.117688, 41.621751], [-124.163243, 41.719002], [-124.244608, 41.787941], [-124.208743, 41.888554], [-124.211665, 41.984618], [-124.228409, 42.000768], [-120.000809, 42.000559], [-120.000062, 39.000259], [-118.126272, 37.69238], [-116.659592, 36.589968], [-114.610543, 34.991117]]], [[[-119.882393, 34.07968], [-119.678865, 34.028462], [-119.569129, 34.052961], [-119.549287, 34.028154], [-119.562207, 34.00661], [-119.809581, 33.967795], [-119.885518, 33.994931], [-119.918049, 34.067848], [-119.882393, 34.07968]]], [[[-120.306602, 34.024869], [-120.359705, 34.022265], [-120.441558, 34.032933], [-120.367736, 34.073297], [-120.306602, 34.024869]]], [[[-120.043573, 33.918862], [-120.113902, 33.904855], [-120.167131, 33.918082], [-120.251907, 34.013839], [-120.071841, 34.026506], [-119.983939, 33.973332], [-120.043573, 33.918862]]], [[[-118.347965, 33.385762], [-118.297478, 33.312131], [-118.446304, 33.317086], [-118.49204, 33.412821], [-118.559425, 33.43197], [-118.569422, 33.464182], [-118.554849, 33.47708], [-118.347965, 33.385762]]], [[[-119.438029, 33.217198], [-119.543679, 33.224614], [-119.575177, 33.278326], [-119.478799, 33.274635], [-119.438029, 33.217198]]], [[[-118.350393, 32.827612], [-118.408582, 32.818515], [-118.473204, 32.838928], [-118.59017, 33.011161], [-118.557101, 33.032661], [-118.507492, 32.959898], [-118.350393, 32.827612]]]]}}, {"type": "Feature", "id": "colorado", "properties": {"preset_id": "colorado", "name": "Colorado", "postal": "CO", "kind": "state", "display_name": "Colorado (U.S. state)"}, "geometry": {"type": "Polygon", "coordinates": [[[-109.04667, 37.000846], [-109.04639, 41.000858], [-102.025006, 41.000628], [-102.012783, 37.000846], [-109.04667, 37.000846]]]}}, {"type": "Feature", "id": "connecticut", "properties": {"preset_id": "connecticut", "name": "Connecticut", "postal": "CT", "kind": "state", "display_name": "Connecticut (U.S. state)"}, "geometry": {"type": "Polygon", "coordinates": [[[-71.801638, 42.022708], [-71.795793, 41.519951], [-71.804527, 41.416746], [-71.829873, 41.392741], [-71.842353, 41.335513], [-71.929947, 41.341039], [-72.265272, 41.291666], [-72.371059, 41.312156], [-72.479417, 41.27578], [-72.847152, 41.265849], [-72.924715, 41.285151], [-73.023724, 41.216476], [-73.182268, 41.175838], [-73.630466, 40.99186], [-73.723015, 41.104514], [-73.484139, 41.218959], [-73.544729, 41.295951], [-73.480568, 42.055568], [-72.8077, 42.034079], [-72.806458, 42.00803], [-72.763326, 42.011238], [-72.757624, 42.034079], [-71.801638, 42.022708]]]}}, {"type": "Feature", "id": "delaware", "properties": {"preset_id": "delaware", "name": "Delaware", "postal": "DE", "kind": "state", "display_name": "Delaware (U.S. state)"}, "geometry": {"type": "Polygon", "coordinates": [[[-75.037661, 38.45559], [-75.707025, 38.455073], [-75.78472, 39.722357], [-75.676823, 39.827233], [-75.510446, 39.843438], [-75.421029, 39.815422], [-75.587603, 39.640784], [-75.567268, 39.552992], [-75.573882, 39.476945], [-75.412657, 39.281377], [-75.392168, 39.092753], [-75.310407, 38.966564], [-75.185064, 38.819391], [-75.088692, 38.777533], [-75.08399, 38.72281], [-75.128485, 38.632448], [-75.187108, 38.591128], [-75.110863, 38.599379], [-75.072883, 38.578735], [-75.035881, 38.503336], [-75.037661, 38.45559]]]}}, {"type": "Feature", "id": "district of columbia", "properties": {"preset_id": "district of columbia", "name": "District of Columbia", "postal": "DC", "kind": "federal_district", "display_name": "District of Columbia (U.S. federal district)"}, "geometry": {"type": "Polygon", "coordinates": [[[-77.030361, 38.889253], [-77.053048, 38.915302], [-77.122053, 38.943536], [-77.042116, 39.011783], [-76.931242, 38.88822], [-77.019737, 38.806526], [-77.030361, 38.889253]]]}}, {"type": "Feature", "id": "florida", "properties": {"preset_id": "florida", "name": "Florida", "postal": "FL", "kind": "state", "display_name": "Florida (U.S. state)"}, "geometry": {"type": "MultiPolygon", "coordinates": [[[[-87.489511, 30.377683], [-87.429382, 30.477856], [-87.43381, 30.545938], [-87.408278, 30.641465], [-87.421659, 30.671589], [-87.566195, 30.795636], [-87.601055, 30.860598], [-87.593694, 31.000739], [-85.007282, 31.001673], [-84.886882, 30.75926], [-84.883938, 30.72094], [-82.23988, 30.565681], [-82.194232, 30.393437], [-82.112274, 30.371355], [-82.061759, 30.404599], [-82.029822, 30.477702], [-82.021835, 30.559869], [-82.04116, 30.65322], [-82.038193, 30.73197], [-82.012947, 30.778069], [-81.957081, 30.81429], [-81.880452, 30.806336], [-81.673359, 30.740243], [-81.503939, 30.731432], [-81.457192, 30.640761], [-81.385726, 30.269984], [-81.337101, 30.141213], [-81.249507, 29.793792], [-81.104531, 29.456963], [-80.900021, 29.049853], [-80.524123, 28.48609], [-80.567816, 28.426456], [-80.584977, 28.271604], [-80.572859, 28.180868], [-80.456887, 27.900672], [-80.499547, 27.934466], [-80.610015, 28.177605], [-80.62288, 28.320361], [-80.606938, 28.522883], [-80.632877, 28.518027], [-80.665484, 28.374908], [-80.693489, 28.344959], [-80.731754, 28.46292], [-80.729051, 28.516214], [-80.688457, 28.57854], [-80.700267, 28.600941], [-80.765943, 28.632823], [-80.779896, 28.682954], [-80.771008, 28.732458], [-80.80868, 28.758946], [-80.83819, 28.75765], [-80.748607, 28.381005], [-80.686359, 28.272175], [-80.226108, 27.20705], [-80.12577, 27.083004], [-80.088647, 26.99396], [-80.050041, 26.807697], [-80.041307, 26.568613], [-80.110587, 26.131588], [-80.126374, 25.833518], [-80.142909, 25.874024], [-80.158927, 25.878342], [-80.219077, 25.741738], [-80.300826, 25.618537], [-80.327754, 25.427078], [-80.36692, 25.331267], [-80.484639, 25.22983], [-80.557632, 25.232412], [-80.736544, 25.156342], [-80.862217, 25.176195], [-81.011971, 25.133249], [-81.110497, 25.13805], [-81.167395, 25.228533], [-81.136029, 25.309646], [-81.097654, 25.319149], [-80.965367, 25.224304], [-80.940406, 25.264217], [-80.980353, 25.311656], [-81.113309, 25.367236], [-81.227128, 25.583403], [-81.345077, 25.731817], [-81.364929, 25.831035], [-81.568242, 25.891547], [-81.715503, 25.983173], [-81.81149, 26.146101], [-81.866576, 26.434997], [-81.958949, 26.489929], [-81.82864, 26.687056], [-81.920552, 26.631422], [-81.970188, 26.552045], [-82.006388, 26.539851], [-82.039611, 26.552045], [-82.077876, 26.704338], [-82.066923, 26.891567], [-82.013254, 26.961561], [-82.095685, 26.963418], [-82.181103, 26.936776], [-82.168623, 26.874351], [-82.180664, 26.840096], [-82.290066, 26.870814], [-82.44137, 27.059691], [-82.620458, 27.401069], [-82.714589, 27.499583], [-82.63585, 27.524577], [-82.430515, 27.771121], [-82.400544, 27.83538], [-82.405763, 27.862901], [-82.445709, 27.902848], [-82.498136, 27.867911], [-82.520614, 27.877887], [-82.579611, 27.958449], [-82.635937, 27.981213], [-82.675203, 27.963767], [-82.633817, 27.897783], [-82.596551, 27.873239], [-82.610977, 27.777219], [-82.660887, 27.718409], [-82.715336, 27.733109], [-82.742856, 27.709367], [-82.807555, 27.776549], [-82.843513, 27.846004], [-82.748536, 28.236799], [-82.660635, 28.485859], [-82.651483, 28.887486], [-82.769333, 29.051556], [-83.29047, 29.451898], [-83.694371, 29.92598], [-84.04422, 30.103794], [-84.309683, 30.064759], [-84.355616, 30.029021], [-84.375337, 29.982274], [-84.358693, 29.929386], [-84.38283, 29.907369], [-84.549976, 29.897866], [-84.800552, 29.773072], [-84.888926, 29.77761], [-85.029298, 29.721085], [-85.318942, 29.680205], [-85.376356, 29.69519], [-85.413798, 29.76759], [-85.413798, 29.842473], [-85.383442, 29.785058], [-85.33641, 29.740124], [-85.314888, 29.758076], [-85.306857, 29.797846], [-85.353626, 29.87575], [-85.504281, 29.975792], [-85.6758, 30.121932], [-85.623472, 30.117076], [-85.610277, 30.148398], [-85.663418, 30.189454], [-85.603532, 30.286782], [-85.675899, 30.279289], [-85.740806, 30.244386], [-85.755791, 30.166998], [-86.17515, 30.332518], [-86.454434, 30.399128], [-86.240079, 30.429099], [-86.123833, 30.405797], [-86.165691, 30.464244], [-86.257394, 30.493017], [-86.374179, 30.482064], [-86.447952, 30.49561], [-86.679642, 30.402896], [-87.201152, 30.339231], [-87.123776, 30.396667], [-86.985798, 30.430857], [-86.965155, 30.501916], [-86.997576, 30.570328], [-87.033908, 30.553925], [-87.072019, 30.500433], [-87.118788, 30.538962], [-87.170588, 30.538786], [-87.184651, 30.453697], [-87.251074, 30.396667], [-87.281045, 30.339231], [-87.475767, 30.294275], [-87.500728, 30.30926], [-87.443731, 30.363829], [-87.448301, 30.394162], [-87.489511, 30.377683]]], [[[-84.737172, 29.732445], [-85.00827, 29.606618], [-85.116738, 29.632788], [-85.000547, 29.627185], [-84.812186, 29.717646], [-84.737172, 29.732445]]], [[[-80.186755, 27.27844], [-80.170506, 27.204798], [-80.262462, 27.37557], [-80.376072, 27.643427], [-80.436892, 27.850553], [-80.395759, 27.794555], [-80.186755, 27.27844]]], [[[-82.083765, 26.552331], [-82.085215, 26.493598], [-82.169139, 26.700723], [-82.121129, 26.665534], [-82.083765, 26.552331]]], [[[-82.037183, 26.45363], [-82.072844, 26.427537], [-82.144958, 26.446654], [-82.184388, 26.480942], [-82.201384, 26.548046], [-82.116064, 26.460914], [-82.037183, 26.45363]]], [[[-80.381828, 25.142291], [-80.580582, 24.954238], [-80.456019, 25.149322], [-80.403669, 25.179337], [-80.354934, 25.233653], [-80.351286, 25.296956], [-80.257057, 25.347603], [-80.381828, 25.142291]]], [[[-80.638304, 24.903184], [-80.665144, 24.898449], [-80.614607, 24.937934], [-80.638304, 24.903184]]], [[[-80.786774, 24.82104], [-80.848363, 24.803681], [-80.799408, 24.846308], [-80.785192, 24.835278], [-80.786774, 24.82104]]], [[[-80.930486, 24.759472], [-81.090007, 24.693115], [-81.137369, 24.710506], [-81.08525, 24.734204], [-80.930486, 24.759472]]], [[[-81.334794, 24.650488], [-81.364797, 24.629943], [-81.379036, 24.636271], [-81.379036, 24.666275], [-81.420091, 24.749991], [-81.322313, 24.685084], [-81.334794, 24.650488]]], [[[-81.532229, 24.614156], [-81.631501, 24.590019], [-81.57925, 24.629372], [-81.562298, 24.689138], [-81.531636, 24.642479], [-81.532229, 24.614156]]], [[[-81.739761, 24.5545], [-81.809216, 24.542349], [-81.811413, 24.557807], [-81.738651, 24.575429], [-81.739761, 24.5545]]]]}}, {"type": "Feature", "id": "georgia", "properties": {"preset_id": "georgia", "name": "Georgia", "postal": "GA", "kind": "state", "display_name": "Georgia (U.S. state)"}, "geometry": {"type": "MultiPolygon", "coordinates": [[[[-84.886882, 30.75926], [-85.067443, 31.117579], [-85.092601, 31.295711], [-85.054885, 31.572677], [-85.124824, 31.77677], [-85.124132, 31.880536], [-85.034627, 32.147372], [-84.992977, 32.201831], [-84.929696, 32.246556], [-84.921533, 32.285887], [-84.9685, 32.319813], [-84.985968, 32.360946], [-84.973905, 32.409286], [-85.015038, 32.526158], [-85.156531, 32.804277], [-85.200971, 32.956229], [-85.623604, 35.000862], [-84.32469, 34.988096], [-83.114821, 35.001477], [-83.1704, 34.932911], [-83.316716, 34.805657], [-83.355575, 34.708318], [-83.166522, 34.599597], [-83.052781, 34.51086], [-82.975679, 34.476396], [-82.896819, 34.465806], [-82.847732, 34.436911], [-82.818585, 34.366017], [-82.589268, 34.017377], [-82.351897, 33.837728], [-82.256623, 33.749233], [-82.208361, 33.663584], [-82.005718, 33.522893], [-81.936394, 33.447285], [-81.932845, 33.38987], [-81.908741, 33.349254], [-81.864093, 33.325436], [-81.780322, 33.195292], [-81.69932, 33.126759], [-81.57824, 33.068575], [-81.489778, 32.935663], [-81.433813, 32.728032], [-81.37697, 32.607468], [-81.290332, 32.557239], [-81.171504, 32.380139], [-81.132953, 32.27467], [-81.135018, 32.181858], [-81.074813, 32.109699], [-80.872346, 32.029565], [-80.923432, 31.944894], [-81.113287, 31.878624], [-81.065046, 31.813464], [-81.066134, 31.787987], [-81.098401, 31.75338], [-81.162121, 31.743723], [-81.197904, 31.704216], [-81.165527, 31.646153], [-81.169922, 31.610316], [-81.242399, 31.574325], [-81.25935, 31.538927], [-81.175426, 31.531302], [-81.294979, 31.371209], [-81.380947, 31.353258], [-81.377739, 31.332296], [-81.329136, 31.313751], [-81.288464, 31.263906], [-81.364874, 31.171895], [-81.441767, 31.199724], [-81.471376, 31.009012], [-81.520397, 30.874649], [-81.503939, 30.731432], [-81.673359, 30.740243], [-81.880452, 30.806336], [-81.957081, 30.81429], [-82.012947, 30.778069], [-82.038193, 30.73197], [-82.04116, 30.65322], [-82.021835, 30.559869], [-82.029822, 30.477702], [-82.061759, 30.404599], [-82.112274, 30.371355], [-82.194232, 30.393437], [-82.23988, 30.565681], [-84.883938, 30.72094], [-84.886882, 30.75926]]], [[[-81.418982, 30.971439], [-81.463498, 30.727762], [-81.484636, 30.897831], [-81.418982, 30.971439]]]]}}, {"type": "Feature", "id": "hawaii", "properties": {"preset_id": "hawaii", "name": "Hawaii", "postal": "HI", "kind": "state", "display_name": "Hawaii (U.S. state)"}, "geometry": {"type": "MultiPolygon", "coordinates": [[[[-177.354104, 28.217035], [-177.390485, 28.196369], [-177.370641, 28.221176], [-177.354104, 28.217035]]], [[[-159.372773, 21.93236], [-159.460674, 21.876132], [-159.51186, 21.900368], [-159.608858, 21.90952], [-159.646373, 21.95174], [-159.748022, 21.989819], [-159.789182, 22.041806], [-159.726626, 22.1402], [-159.579222, 22.223135], [-159.352052, 22.219576], [-159.304792, 22.154053], [-159.300658, 22.105263], [-159.33019, 22.050694], [-159.34373, 21.973647], [-159.372773, 21.93236]]], [[[-160.153395, 21.878769], [-160.200241, 21.796888], [-160.234711, 21.803677], [-160.243445, 21.843063], [-160.220912, 21.89727], [-160.100636, 22.015241], [-160.048728, 22.00465], [-160.076711, 21.95809], [-160.080042, 21.907443], [-160.153395, 21.878769]]], [[[-157.799355, 21.456652], [-157.720885, 21.457707], [-157.705537, 21.378078], [-157.635411, 21.307645], [-157.690887, 21.279739], [-157.798786, 21.268621], [-157.849326, 21.290847], [-157.901753, 21.34056], [-157.958442, 21.326915], [-157.97844, 21.378484], [-158.017274, 21.36774], [-157.98097, 21.316115], [-158.110345, 21.318598], [-158.137835, 21.377144], [-158.239093, 21.489337], [-158.238681, 21.533051], [-158.273124, 21.585247], [-158.123108, 21.600255], [-158.02035, 21.691804], [-157.962496, 21.701362], [-157.851496, 21.553365], [-157.854338, 21.511913], [-157.829584, 21.471451], [-157.799355, 21.456652]]], [[[-157.249931, 21.229763], [-157.002296, 21.18796], [-156.952353, 21.199693], [-156.917213, 21.177314], [-156.712161, 21.155088], [-156.747894, 21.103574], [-156.85985, 21.056332], [-157.020874, 21.097784], [-157.290314, 21.112582], [-157.253807, 21.180566], [-157.249931, 21.229763]]], [[[-156.585423, 21.034327], [-156.460833, 20.914741], [-156.277537, 20.951281], [-156.148346, 20.885495], [-155.989854, 20.757131], [-156.013574, 20.714811], [-156.107133, 20.644784], [-156.234748, 20.628613], [-156.309963, 20.598796], [-156.408793, 20.605179], [-156.438223, 20.617868], [-156.480056, 20.801241], [-156.543823, 20.790002], [-156.615449, 20.821829], [-156.689681, 20.901414], [-156.697769, 20.949062], [-156.656867, 21.024505], [-156.585423, 21.034327]]], [[[-156.849595, 20.772632], [-156.908866, 20.744474], [-156.973411, 20.757548], [-156.988448, 20.825707], [-157.050565, 20.912466], [-156.941784, 20.930045], [-156.880549, 20.90482], [-156.80939, 20.831135], [-156.849595, 20.772632]]], [[[-155.581325, 19.012018], [-155.625611, 18.963909], [-155.680751, 18.967677], [-155.881306, 19.070521], [-155.905594, 19.125815], [-155.890738, 19.382543], [-155.965824, 19.590789], [-156.048686, 19.749959], [-155.988407, 19.831609], [-155.908877, 19.894704], [-155.820302, 20.01418], [-155.892754, 20.167396], [-155.874278, 20.259802], [-155.831621, 20.27582], [-155.622073, 20.163419], [-155.198789, 19.994383], [-155.086083, 19.875632], [-155.065929, 19.748201], [-154.989035, 19.731974], [-154.952577, 19.644644], [-154.841343, 19.568157], [-154.804188, 19.524443], [-154.850283, 19.454108], [-155.053476, 19.319185], [-155.309611, 19.260167], [-155.535229, 19.109072], [-155.581325, 19.012018]]]]}}, {"type": "Feature", "id": "idaho", "properties": {"preset_id": "idaho", "name": "Idaho", "postal": "ID", "kind": "state", "display_name": "Idaho (U.S. state)"}, "geometry": {"type": "Polygon", "coordinates": [[[-117.039054, 48.993083], [-116.048494, 48.993083], [-116.04901, 48.00472], [-115.862149, 47.842408], [-115.718382, 47.68148], [-115.690867, 47.606652], [-115.710862, 47.552599], [-115.66968, 47.497854], [-115.676887, 47.470564], [-115.713317, 47.446746], [-115.485994, 47.311636], [-115.306675, 47.231172], [-115.033516, 46.990934], [-114.935694, 46.922819], [-114.886937, 46.844871], [-114.786066, 46.776756], [-114.753689, 46.734568], [-114.661623, 46.745544], [-114.630648, 46.718572], [-114.624006, 46.677615], [-114.562999, 46.650435], [-114.380917, 46.667639], [-114.336868, 46.659224], [-114.332061, 46.601392], [-114.345805, 46.550591], [-114.387042, 46.499955], [-114.38022, 46.453033], [-114.444248, 46.270714], [-114.446599, 46.199325], [-114.485359, 46.158214], [-114.463578, 46.109765], [-114.478306, 46.035585], [-114.415903, 45.982159], [-114.396787, 45.89095], [-114.522537, 45.815133], [-114.533699, 45.78201], [-114.495796, 45.685846], [-114.532617, 45.633024], [-114.529233, 45.575719], [-114.297641, 45.487565], [-114.116619, 45.579103], [-114.006393, 45.658457], [-113.991924, 45.69302], [-113.942651, 45.681507], [-113.802273, 45.601098], [-113.799614, 45.540189], [-113.76615, 45.502517], [-113.756097, 45.44084], [-113.697112, 45.304983], [-113.557404, 45.140419], [-113.503582, 45.109284], [-113.447129, 45.029084], [-113.438136, 44.993971], [-113.469294, 44.929976], [-113.460796, 44.90362], [-113.338891, 44.808072], [-113.234269, 44.809873], [-113.140709, 44.765489], [-113.062706, 44.665073], [-113.05428, 44.605187], [-113.006379, 44.539137], [-112.999689, 44.48036], [-112.853856, 44.398325], [-112.815514, 44.405972], [-112.787142, 44.463079], [-112.715928, 44.498037], [-112.375385, 44.470022], [-112.320036, 44.53315], [-112.23131, 44.560692], [-112.074211, 44.547619], [-111.89208, 44.554925], [-111.797098, 44.539895], [-111.659302, 44.559605], [-111.499857, 44.54485], [-111.474506, 44.564615], [-111.491046, 44.624226], [-111.4481, 44.711117], [-111.372525, 44.74624], [-111.304081, 44.723312], [-111.160934, 44.555836], [-111.051434, 44.498883], [-111.050296, 42.000878], [-117.016675, 42.000559], [-117.020498, 43.813194], [-116.957634, 43.964135], [-116.943967, 44.037677], [-116.960683, 44.079118], [-116.949779, 44.119009], [-116.91131, 44.157406], [-116.91242, 44.199473], [-116.95319, 44.245308], [-117.028952, 44.275542], [-117.139744, 44.290264], [-117.197312, 44.3438], [-117.201701, 44.436206], [-117.118919, 44.578314], [-116.948955, 44.770114], [-116.855857, 44.90574], [-116.839553, 44.98516], [-116.549157, 45.456737], [-116.477043, 45.641088], [-116.520917, 45.721914], [-116.616827, 45.79917], [-116.764725, 45.87291], [-116.869194, 45.958483], [-116.930196, 46.055954], [-116.947845, 46.124322], [-116.92211, 46.163642], [-116.942962, 46.232108], [-117.038999, 46.396552], [-117.025046, 46.429159], [-117.039054, 48.993083]]]}}, {"type": "Feature", "id": "illinois", "properties": {"preset_id": "illinois", "name": "Illinois", "postal": "IL", "kind": "state", "display_name": "Illinois (U.S. state)"}, "geometry": {"type": "Polygon", "coordinates": [[[-91.441952, 40.37945], [-91.390778, 40.397127], [-91.380539, 40.447554], [-91.394184, 40.536653], [-91.339043, 40.603977], [-91.215128, 40.649559], [-91.102134, 40.749788], [-91.000126, 40.904684], [-90.954005, 41.01558], [-90.963827, 41.082531], [-91.001334, 41.145966], [-91.066505, 41.205907], [-91.082106, 41.280318], [-91.048114, 41.369098], [-90.938756, 41.42559], [-90.754065, 41.449826], [-90.586732, 41.494727], [-90.43667, 41.560359], [-90.347527, 41.632034], [-90.319237, 41.709652], [-90.276006, 41.770011], [-90.217768, 41.81311], [-90.176613, 41.883643], [-90.152443, 41.98152], [-90.149433, 42.053711], [-90.167516, 42.100304], [-90.346571, 42.214837], [-90.41049, 42.272075], [-90.425036, 42.325656], [-90.484735, 42.383257], [-90.589633, 42.444802], [-90.650585, 42.512984], [-87.039126, 42.492802], [-87.221257, 41.760728], [-87.521085, 41.760761], [-87.532918, 39.37486], [-87.579115, 39.343977], [-87.611052, 39.291353], [-87.602912, 39.234147], [-87.614985, 39.193289], [-87.647285, 39.168745], [-87.631696, 39.106705], [-87.568294, 39.00718], [-87.530281, 38.908897], [-87.51768, 38.811821], [-87.529457, 38.742289], [-87.583773, 38.67937], [-87.635958, 38.542612], [-87.680662, 38.487988], [-87.735231, 38.469905], [-87.784065, 38.419104], [-87.827164, 38.335564], [-87.872955, 38.295024], [-87.921427, 38.297507], [-87.957265, 38.282214], [-87.980413, 38.249189], [-87.97749, 38.21444], [-87.948552, 38.178009], [-87.958056, 38.144292], [-88.006022, 38.113278], [-87.990256, 38.089305], [-88.026127, 38.059587], [-88.044518, 38.013291], [-88.042496, 37.93665], [-88.059108, 37.898363], [-88.091122, 37.896649], [-88.095319, 37.875566], [-88.041991, 37.788851], [-88.128959, 37.69951], [-88.140385, 37.620651], [-88.107514, 37.534353], [-88.190504, 37.464557], [-88.389335, 37.411262], [-88.494672, 37.364285], [-88.506603, 37.323591], [-88.446244, 37.120421], [-88.471666, 37.088385], [-88.613808, 37.110083], [-88.872602, 37.185537], [-89.046207, 37.182977], [-89.134603, 37.102469], [-89.165069, 37.041561], [-89.154313, 36.992112], [-89.272394, 37.07998], [-89.291675, 37.070653], [-89.285885, 37.022698], [-89.300827, 37.012052], [-89.35188, 37.035519], [-89.413942, 37.102415], [-89.486913, 37.212739], [-89.502931, 37.300509], [-89.461974, 37.36568], [-89.461974, 37.434125], [-89.523421, 37.575947], [-89.523421, 37.644524], [-89.623286, 37.747257], [-89.822963, 37.884092], [-90.173581, 38.069047], [-90.299, 38.173999], [-90.365775, 38.254254], [-90.373993, 38.309757], [-90.316601, 38.457809], [-90.132195, 38.818644], [-90.134206, 38.84667], [-90.220075, 38.897679], [-90.477968, 38.948118], [-90.577075, 38.909611], [-90.663527, 38.987493], [-90.737223, 39.181797], [-90.919376, 39.386901], [-91.209899, 39.602804], [-91.378737, 39.749406], [-91.425868, 39.826815], [-91.501652, 40.097529], [-91.499784, 40.226025], [-91.441952, 40.37945]]]}}, {"type": "Feature", "id": "indiana", "properties": {"preset_id": "indiana", "name": "Indiana", "postal": "IN", "kind": "state", "display_name": "Indiana (U.S. state)"}, "geometry": {"type": "Polygon", "coordinates": [[[-88.041991, 37.788851], [-88.095319, 37.875566], [-88.091122, 37.896649], [-88.059108, 37.898363], [-88.042496, 37.93665], [-88.044518, 38.013291], [-88.026127, 38.059587], [-87.990256, 38.089305], [-88.006022, 38.113278], [-87.958056, 38.144292], [-87.948552, 38.178009], [-87.97749, 38.21444], [-87.980413, 38.249189], [-87.957265, 38.282214], [-87.921427, 38.297507], [-87.872955, 38.295024], [-87.827164, 38.335564], [-87.784065, 38.419104], [-87.735231, 38.469905], [-87.680662, 38.487988], [-87.635958, 38.542612], [-87.583773, 38.67937], [-87.529457, 38.742289], [-87.51768, 38.811821], [-87.530281, 38.908897], [-87.568294, 39.00718], [-87.631696, 39.106705], [-87.647285, 39.168745], [-87.614985, 39.193289], [-87.602912, 39.234147], [-87.611052, 39.291353], [-87.579115, 39.343977], [-87.532918, 39.37486], [-87.521085, 41.760761], [-84.796399, 41.759728], [-84.821711, 39.091984], [-84.860603, 39.039711], [-84.835488, 38.99604], [-84.836598, 38.960565], [-84.863888, 38.933231], [-84.854165, 38.912896], [-84.807451, 38.899536], [-84.78962, 38.868379], [-84.800739, 38.819391], [-84.901241, 38.769568], [-85.16989, 38.690378], [-85.306747, 38.737191], [-85.405426, 38.729962], [-85.444779, 38.683095], [-85.424828, 38.596588], [-85.458677, 38.530209], [-85.546326, 38.484011], [-85.608904, 38.423026], [-85.646422, 38.347297], [-85.706287, 38.301353], [-85.788453, 38.285214], [-85.854932, 38.215033], [-85.905678, 38.090909], [-85.961159, 38.014016], [-86.021331, 37.984353], [-86.103442, 37.991868], [-86.207527, 38.036571], [-86.267622, 38.082582], [-86.3146, 38.163771], [-86.361445, 38.178987], [-86.365137, 38.1446], [-86.429627, 38.139689], [-86.457378, 38.120155], [-86.448336, 38.085966], [-86.462542, 38.061763], [-86.499961, 38.047502], [-86.548641, 37.917062], [-86.599233, 37.874797], [-86.673128, 37.889036], [-86.770335, 37.959777], [-86.86908, 37.976135], [-86.96944, 37.938046], [-87.044268, 37.886443], [-87.093563, 37.821283], [-87.141035, 37.805243], [-87.209403, 37.854846], [-87.372385, 37.923478], [-87.457288, 37.938101], [-87.518449, 37.921566], [-87.561449, 37.929059], [-87.587388, 37.95569], [-87.615392, 37.848936], [-87.643253, 37.833038], [-87.664567, 37.845541], [-87.67942, 37.886366], [-87.714456, 37.899604], [-87.769651, 37.885234], [-87.874428, 37.915743], [-87.906002, 37.901824], [-87.912484, 37.81769], [-87.938115, 37.793817], [-88.021776, 37.800431], [-88.041991, 37.788851]]]}}, {"type": "Feature", "id": "iowa", "properties": {"preset_id": "iowa", "name": "Iowa", "postal": "IA", "kind": "state", "display_name": "Iowa (U.S. state)"}, "geometry": {"type": "Polygon", "coordinates": [[[-91.441952, 40.37945], [-91.529931, 40.432316], [-91.545487, 40.469318], [-91.616855, 40.50688], [-91.627423, 40.530753], [-91.682047, 40.551869], [-91.73153, 40.624653], [-95.765029, 40.601868], [-95.826107, 40.676179], [-95.859, 40.745108], [-95.838148, 40.777748], [-95.834017, 40.88949], [-95.846597, 41.080333], [-95.870887, 41.187824], [-95.906906, 41.21195], [-95.911169, 41.245183], [-95.883626, 41.287557], [-95.891943, 41.316166], [-95.936025, 41.330986], [-95.94972, 41.367428], [-95.932977, 41.425458], [-95.943567, 41.460933], [-95.98158, 41.473798], [-95.997367, 41.493639], [-95.990957, 41.52049], [-96.011397, 41.537881], [-96.058627, 41.54578], [-96.077771, 41.611281], [-96.068806, 41.734328], [-96.086637, 41.821372], [-96.13123, 41.872437], [-96.153763, 41.920436], [-96.154203, 41.965293], [-96.201384, 42.036122], [-96.295333, 42.132912], [-96.356104, 42.260133], [-96.383751, 42.417776], [-96.451004, 42.505985], [-96.480953, 42.511259], [-96.538702, 42.658585], [-96.62177, 42.729535], [-96.616084, 42.791388], [-96.562576, 42.85857], [-96.461293, 43.129767], [-96.49028, 43.205529], [-96.563454, 43.242685], [-96.569942, 43.283323], [-96.534956, 43.338057], [-96.598622, 43.497501], [-91.245253, 43.502412], [-91.218688, 43.395285], [-91.117196, 43.331157], [-91.106968, 43.278028], [-91.147585, 43.199585], [-91.161328, 43.102334], [-91.117592, 42.881652], [-91.069582, 42.788554], [-90.959949, 42.72034], [-90.788749, 42.676933], [-90.687873, 42.610322], [-90.657331, 42.520509], [-90.589633, 42.444802], [-90.484735, 42.383257], [-90.425036, 42.325656], [-90.41049, 42.272075], [-90.346571, 42.214837], [-90.167516, 42.100304], [-90.149433, 42.053711], [-90.152443, 41.98152], [-90.176613, 41.883643], [-90.217768, 41.81311], [-90.276006, 41.770011], [-90.319237, 41.709652], [-90.347527, 41.632034], [-90.43667, 41.560359], [-90.586732, 41.494727], [-90.754065, 41.449826], [-90.938756, 41.42559], [-91.048114, 41.369098], [-91.082106, 41.280318], [-91.066505, 41.205907], [-91.001334, 41.145966], [-90.963827, 41.082531], [-90.954005, 41.01558], [-91.000126, 40.904684], [-91.102134, 40.749788], [-91.215128, 40.649559], [-91.339043, 40.603977], [-91.394184, 40.536653], [-91.380539, 40.447554], [-91.390778, 40.397127], [-91.441952, 40.37945]]]}}, {"type": "Feature", "id": "kansas", "properties": {"preset_id": "kansas", "name": "Kansas", "postal": "KS", "kind": "state", "display_name": "Kansas (U.S. state)"}, "geometry": {"type": "Polygon", "coordinates": [[[-102.012783, 37.000846], [-102.024489, 40.001124], [-95.34668, 40.001487], [-95.116203, 39.87209], [-94.984016, 39.891162], [-94.929936, 39.861499], [-94.893296, 39.781815], [-94.898597, 39.741144], [-94.945827, 39.739485], [-95.004764, 39.691552], [-95.075356, 39.597377], [-95.057937, 39.508959], [-94.952518, 39.426375], [-94.882294, 39.343131], [-94.847203, 39.259152], [-94.777852, 39.193992], [-94.622384, 39.124404], [-94.618067, 37.000846], [-102.012783, 37.000846]]]}}, {"type": "Feature", "id": "kentucky", "properties": {"preset_id": "kentucky", "name": "Kentucky", "postal": "KY", "kind": "state", "display_name": "Kentucky (U.S. state)"}, "geometry": {"type": "MultiPolygon", "coordinates": [[[[-89.122486, 36.911593], [-89.165069, 37.041561], [-89.134603, 37.102469], [-89.046207, 37.182977], [-88.872602, 37.185537], [-88.613808, 37.110083], [-88.471666, 37.088385], [-88.446244, 37.120421], [-88.506603, 37.323591], [-88.494672, 37.364285], [-88.389335, 37.411262], [-88.190504, 37.464557], [-88.107514, 37.534353], [-88.140385, 37.620651], [-88.128959, 37.69951], [-88.073247, 37.770922], [-88.021776, 37.800431], [-87.938115, 37.793817], [-87.912484, 37.81769], [-87.906002, 37.901824], [-87.892116, 37.912986], [-87.769651, 37.885234], [-87.714456, 37.899604], [-87.67942, 37.886366], [-87.664567, 37.845541], [-87.643253, 37.833038], [-87.615392, 37.848936], [-87.587388, 37.95569], [-87.561449, 37.929059], [-87.518449, 37.921566], [-87.457288, 37.938101], [-87.372385, 37.923478], [-87.209403, 37.854846], [-87.141035, 37.805243], [-87.093563, 37.821283], [-87.044268, 37.886443], [-86.96944, 37.938046], [-86.86908, 37.976135], [-86.770335, 37.959777], [-86.673128, 37.889036], [-86.599233, 37.874797], [-86.548641, 37.917062], [-86.499961, 38.047502], [-86.462542, 38.061763], [-86.448336, 38.085966], [-86.457378, 38.120155], [-86.429627, 38.139689], [-86.365137, 38.1446], [-86.361445, 38.178987], [-86.3146, 38.163771], [-86.267622, 38.082582], [-86.207527, 38.036571], [-86.103442, 37.991868], [-86.021331, 37.984353], [-85.961159, 38.014016], [-85.905678, 38.090909], [-85.854932, 38.215033], [-85.788453, 38.285214], [-85.706287, 38.301353], [-85.646422, 38.347297], [-85.608904, 38.423026], [-85.546326, 38.484011], [-85.458677, 38.530209], [-85.424828, 38.596588], [-85.444779, 38.683095], [-85.405426, 38.729962], [-85.306747, 38.737191], [-85.16989, 38.690378], [-84.901241, 38.769568], [-84.800739, 38.819391], [-84.78962, 38.868379], [-84.807451, 38.899536], [-84.854165, 38.912896], [-84.863888, 38.933231], [-84.836598, 38.960565], [-84.835488, 38.99604], [-84.860603, 39.039711], [-84.837422, 39.082678], [-84.765901, 39.124998], [-84.706948, 39.128909], [-84.660542, 39.094467], [-84.594547, 39.085776], [-84.508865, 39.102838], [-84.43006, 39.090896], [-84.358022, 39.049917], [-84.290435, 38.974705], [-84.227285, 38.865204], [-84.113236, 38.798385], [-83.948386, 38.774226], [-83.828086, 38.731226], [-83.752269, 38.669373], [-83.689878, 38.649531], [-83.538387, 38.69986], [-83.35697, 38.627405], [-83.203469, 38.638907], [-83.000068, 38.713999], [-82.880438, 38.710253], [-82.844623, 38.627668], [-82.758226, 38.541162], [-82.589498, 38.420345], [-82.578413, 38.272085], [-82.619546, 38.182008], [-82.617711, 38.149873], [-82.482195, 37.983551], [-82.47189, 37.938408], [-82.393876, 37.828314], [-82.280244, 37.687184], [-82.103463, 37.570575], [-81.965277, 37.539725], [-82.343207, 37.296927], [-82.681586, 37.13812], [-82.731892, 37.048076], [-82.832021, 36.979269], [-82.894501, 36.906374], [-83.043816, 36.845554], [-83.150218, 36.762333], [-83.41689, 36.681012], [-83.566183, 36.652623], [-83.730385, 36.586815], [-86.507586, 36.66484], [-87.839151, 36.643966], [-87.868715, 36.675046], [-88.096297, 36.693009], [-88.056713, 36.59032], [-88.059108, 36.499683], [-89.450329, 36.500023], [-89.397462, 36.587793], [-89.330534, 36.615907], [-89.256123, 36.594407], [-89.203048, 36.62552], [-89.156334, 36.715718], [-89.129517, 36.811057], [-89.122486, 36.911593]]], [[[-89.487221, 36.503066], [-89.557313, 36.501078], [-89.549645, 36.553065], [-89.51952, 36.554823], [-89.487221, 36.503066]]]]}}, {"type": "Feature", "id": "louisiana", "properties": {"preset_id": "louisiana", "name": "Louisiana", "postal": "LA", "kind": "state", "display_name": "Louisiana (U.S. state)"}, "geometry": {"type": "MultiPolygon", "coordinates": [[[[-94.041307, 33.011996], [-91.149958, 33.015918], [-91.144179, 32.966875], [-91.096081, 32.937684], [-91.093378, 32.885027], [-91.13606, 32.808847], [-91.135587, 32.755783], [-91.092082, 32.725857], [-91.094356, 32.69426], [-91.142421, 32.661026], [-91.14965, 32.625013], [-91.100816, 32.541374], [-91.103815, 32.490497], [-91.059276, 32.423755], [-90.990019, 32.381051], [-90.9447, 32.330711], [-90.937647, 32.277329], [-90.947721, 32.240074], [-91.074591, 32.131321], [-91.092543, 32.045847], [-91.156527, 31.970689], [-91.286496, 31.883974], [-91.37253, 31.773716], [-91.459091, 31.554978], [-91.505728, 31.518701], [-91.529008, 31.448751], [-91.528953, 31.345194], [-91.558693, 31.287911], [-91.61825, 31.276958], [-91.630807, 31.217599], [-91.596365, 31.109911], [-91.611043, 31.0649], [-91.652615, 31.029557], [-91.656449, 31.001805], [-89.735314, 31.001157], [-89.764933, 30.886075], [-89.835366, 30.730816], [-89.819997, 30.611208], [-89.685766, 30.462684], [-89.591657, 30.223017], [-89.520861, 30.192629], [-89.588482, 30.165965], [-89.954249, 30.268742], [-90.045216, 30.351404], [-90.225282, 30.379287], [-90.332003, 30.277586], [-90.413061, 30.140301], [-90.284982, 30.065089], [-90.175338, 30.029098], [-89.994196, 30.059255], [-89.894044, 30.125865], [-89.81224, 30.12369], [-89.737434, 30.171986], [-89.66755, 30.14452], [-89.665067, 30.117054], [-89.815185, 30.007268], [-89.743817, 29.929858], [-89.63168, 29.903831], [-89.589514, 29.915049], [-89.563389, 30.002093], [-89.49445, 30.058167], [-89.400736, 30.04605], [-89.414052, 30.010882], [-89.357846, 29.921014], [-89.354462, 29.820226], [-89.530661, 29.772215], [-89.590888, 29.725271], [-89.559313, 29.698036], [-89.62065, 29.674129], [-89.682942, 29.674854], [-89.689215, 29.646048], [-89.720878, 29.619308], [-89.674801, 29.538668], [-89.580341, 29.486054], [-89.513676, 29.42007], [-89.245686, 29.333202], [-89.180779, 29.335706], [-89.116828, 29.248211], [-89.015753, 29.202871], [-89.021378, 29.142721], [-89.109511, 29.098665], [-89.15551, 29.016631], [-89.236095, 29.08112], [-89.330556, 28.998701], [-89.376149, 28.981331], [-89.353539, 29.070244], [-89.443144, 29.194137], [-89.620265, 29.302396], [-89.792377, 29.333202], [-89.818283, 29.416137], [-89.877246, 29.458017], [-90.159068, 29.537141], [-90.160792, 29.504402], [-90.141259, 29.479748], [-90.052335, 29.431408], [-90.052797, 29.336838], [-90.101367, 29.181788], [-90.135864, 29.136074], [-90.212802, 29.104939], [-90.246706, 29.131009], [-90.301615, 29.255814], [-90.379201, 29.295112], [-90.502511, 29.299759], [-90.586249, 29.271546], [-90.677501, 29.15062], [-90.751022, 29.130888], [-91.002763, 29.19351], [-91.290132, 29.288993], [-91.282716, 29.320743], [-91.237497, 29.330971], [-91.15076, 29.317898], [-91.155385, 29.350692], [-91.243979, 29.457325], [-91.260238, 29.505456], [-91.248845, 29.564189], [-91.277729, 29.562871], [-91.330924, 29.513575], [-91.514198, 29.555378], [-91.672467, 29.74609], [-91.824386, 29.750693], [-91.893172, 29.836013], [-92.017328, 29.800296], [-92.080214, 29.760713], [-92.135475, 29.699475], [-92.058878, 29.617187], [-92.084037, 29.59282], [-92.260824, 29.55685], [-92.671317, 29.597082], [-92.791332, 29.634655], [-92.952408, 29.714185], [-93.175705, 29.778961], [-93.283189, 29.789398], [-93.694842, 29.769919], [-93.826463, 29.725139], [-93.86574, 29.755626], [-93.883878, 29.810019], [-93.808814, 29.850811], [-93.773081, 29.914038], [-93.769049, 29.952303], [-93.79401, 29.977264], [-93.710629, 30.112813], [-93.720967, 30.282904], [-93.750394, 30.344713], [-93.715205, 30.473253], [-93.720215, 30.558265], [-93.624721, 30.714348], [-93.579194, 30.823805], [-93.549196, 30.947719], [-93.562654, 31.004903], [-93.530591, 31.04619], [-93.557749, 31.180421], [-93.596992, 31.209754], [-93.665882, 31.322584], [-93.663657, 31.372198], [-93.736057, 31.477667], [-93.737578, 31.513812], [-93.806902, 31.568799], [-93.826798, 31.75026], [-93.845585, 31.792942], [-93.905065, 31.876998], [-94.043301, 31.999232], [-94.041307, 33.011996]]], [[[-89.223955, 30.084051], [-89.22044, 30.037601], [-89.26945, 30.060727], [-89.342003, 30.062848], [-89.184679, 30.168679], [-89.223955, 30.084051]]], [[[-88.82747, 29.80769], [-88.855661, 29.775863], [-88.827986, 29.928353], [-88.866867, 30.056717], [-88.825888, 30.000368], [-88.812583, 29.933363], [-88.82747, 29.80769]]], [[[-88.889301, 29.712581], [-88.943584, 29.660232], [-88.901155, 29.732632], [-88.872656, 29.752989], [-88.889301, 29.712581]]], [[[-91.79369, 29.500732], [-91.830846, 29.486472], [-91.996234, 29.57311], [-92.006649, 29.610288], [-91.925032, 29.643928], [-91.875231, 29.640984], [-91.754315, 29.566881], [-91.79369, 29.500732]]]]}}, {"type": "Feature", "id": "maine", "properties": {"preset_id": "maine", "name": "Maine", "postal": "ME", "kind": "state", "display_name": "Maine (U.S. state)"}, "geometry": {"type": "MultiPolygon", "coordinates": [[[[-69.05366, 47.294585], [-69.00309, 47.236446], [-68.937183, 47.211254], [-68.828715, 47.203322], [-68.376902, 47.316151], [-68.358017, 47.344529], [-68.235497, 47.345946], [-68.096795, 47.274843], [-67.806789, 47.082813], [-67.78464, 45.952803], [-67.767051, 45.926985], [-67.782289, 45.874174], [-67.775258, 45.81788], [-67.802241, 45.727517], [-67.755318, 45.686461], [-67.595742, 45.62073], [-67.43265, 45.603108], [-67.413863, 45.56559], [-67.424432, 45.530401], [-67.48779, 45.501045], [-67.493657, 45.474074], [-67.427947, 45.377954], [-67.472541, 45.275891], [-67.36694, 45.173784], [-67.315294, 45.153833], [-67.249584, 45.200778], [-67.124835, 45.169445], [-67.130372, 45.139002], [-67.102258, 45.08774], [-67.08045, 44.98917], [-67.113936, 44.94439], [-67.106729, 44.885042], [-67.014015, 44.867749], [-66.987022, 44.827704], [-67.191247, 44.675565], [-67.364073, 44.696857], [-67.457786, 44.656526], [-67.556004, 44.644771], [-67.59907, 44.576787], [-67.652991, 44.562395], [-67.790485, 44.585675], [-67.839056, 44.576249], [-67.907017, 44.45362], [-67.962696, 44.464309], [-67.984888, 44.420188], [-68.056618, 44.384318], [-68.117285, 44.490644], [-68.152034, 44.502014], [-68.198265, 44.515242], [-68.277432, 44.507365], [-68.373749, 44.445138], [-68.450599, 44.507595], [-68.521417, 44.380242], [-68.514473, 44.303909], [-68.532535, 44.258645], [-68.572349, 44.27084], [-68.612032, 44.310523], [-68.72329, 44.342306], [-68.811917, 44.339362], [-68.793889, 44.381736], [-68.710118, 44.442556], [-68.794943, 44.454499], [-68.765511, 44.509793], [-68.76272, 44.570767], [-68.800217, 44.549398], [-68.84737, 44.485041], [-68.961474, 44.433855], [-68.956168, 44.348096], [-69.063559, 44.172348], [-69.06836, 44.097564], [-69.226058, 43.986459], [-69.344545, 44.000928], [-69.434952, 43.956312], [-69.480875, 43.905072], [-69.520733, 43.897371], [-69.556702, 43.982768], [-69.58998, 43.886571], [-69.623939, 43.880628], [-69.652877, 43.993875], [-69.699129, 43.955016], [-69.729847, 43.851997], [-69.762015, 43.860709], [-69.772276, 43.89903], [-69.795292, 43.910631], [-69.791601, 43.805228], [-69.808344, 43.772313], [-69.872526, 43.819544], [-69.974326, 43.78787], [-69.965229, 43.855106], [-70.062359, 43.834639], [-70.178814, 43.76637], [-70.269243, 43.671909], [-70.202578, 43.626118], [-70.520698, 43.348823], [-70.642327, 43.134425], [-70.733096, 43.070034], [-70.812835, 43.163649], [-70.829029, 43.23907], [-70.919699, 43.328103], [-70.955635, 43.389396], [-70.967545, 43.458148], [-71.084549, 45.294008], [-70.999877, 45.337228], [-70.960184, 45.333097], [-70.89799, 45.262455], [-70.865053, 45.270695], [-70.836829, 45.310696], [-70.837818, 45.366177], [-70.79919, 45.404772], [-70.710948, 45.409474], [-70.689788, 45.428338], [-70.70741, 45.498925], [-70.702214, 45.551385], [-70.596383, 45.643988], [-70.421096, 45.73824], [-70.407868, 45.801906], [-70.296247, 45.906089], [-70.28715, 45.939158], [-70.306431, 45.979829], [-70.30452, 46.057393], [-70.248292, 46.250873], [-70.17966, 46.341818], [-70.067215, 46.441046], [-70.00768, 46.708937], [-69.358882, 47.350649], [-69.242878, 47.462995], [-69.050222, 47.426619], [-69.064284, 47.338146], [-69.05366, 47.294585]]], [[[-68.187256, 44.332484], [-68.24544, 44.313006], [-68.30926, 44.321509], [-68.315104, 44.249702], [-68.411707, 44.294351], [-68.409488, 44.364268], [-68.347042, 44.430362], [-68.299438, 44.456509], [-68.238046, 44.438404], [-68.190893, 44.364378], [-68.187256, 44.332484]]], [[[-68.623194, 44.196067], [-68.661174, 44.17627], [-68.701713, 44.182675], [-68.703032, 44.232003], [-68.67673, 44.256217], [-68.623194, 44.196067]]]]}}, {"type": "Feature", "id": "maryland", "properties": {"preset_id": "maryland", "name": "Maryland", "postal": "MD", "kind": "state", "display_name": "Maryland (U.S. state)"}, "geometry": {"type": "MultiPolygon", "coordinates": [[[[-77.030361, 38.889253], [-77.019737, 38.806526], [-76.931242, 38.88822], [-77.042116, 39.011783], [-77.122053, 38.943536], [-77.1903, 38.969047], [-77.301086, 39.053378], [-77.480921, 39.112957], [-77.506454, 39.14262], [-77.478856, 39.220864], [-77.53415, 39.265612], [-77.668821, 39.309535], [-77.739045, 39.354337], [-77.762358, 39.429242], [-77.791703, 39.441777], [-77.797438, 39.461465], [-77.779585, 39.488337], [-77.872167, 39.575778], [-77.855423, 39.599706], [-78.027195, 39.631226], [-78.097782, 39.677885], [-78.181135, 39.68574], [-78.406761, 39.627864], [-78.442698, 39.601464], [-78.460265, 39.556134], [-78.495542, 39.533348], [-78.677673, 39.54952], [-78.741669, 39.577898], [-78.753402, 39.589522], [-78.746459, 39.613702], [-78.77777, 39.626622], [-78.814794, 39.570087], [-78.971481, 39.453643], [-79.075345, 39.475989], [-79.293556, 39.311578], [-79.487981, 39.210911], [-79.4775, 39.722797], [-75.78472, 39.722357], [-75.707025, 38.455073], [-75.037661, 38.45559], [-75.038748, 38.426366], [-75.051251, 38.383036], [-75.074355, 38.365721], [-75.073399, 38.410007], [-75.089747, 38.42541], [-75.116751, 38.406206], [-75.134242, 38.384321], [-75.160005, 38.255056], [-75.225428, 38.24229], [-75.375963, 38.024991], [-75.620002, 37.999207], [-75.659256, 37.953965], [-75.735161, 37.973707], [-75.850814, 37.971554], [-75.795344, 38.086669], [-75.855626, 38.140359], [-75.92807, 38.169242], [-75.863921, 38.26123], [-75.876764, 38.318744], [-75.858702, 38.362074], [-75.888827, 38.355515], [-75.967401, 38.291355], [-75.985715, 38.331949], [-76.051216, 38.279545], [-76.211671, 38.361327], [-76.29487, 38.494657], [-76.264175, 38.599972], [-76.198388, 38.618682], [-76.000942, 38.60173], [-76.016927, 38.625109], [-76.05695, 38.621263], [-76.174987, 38.706682], [-76.212967, 38.758285], [-76.278314, 38.772468], [-76.308098, 38.722854], [-76.341178, 38.709648], [-76.30032, 38.818204], [-76.168132, 38.852745], [-76.19105, 38.915554], [-76.240818, 38.943075], [-76.330664, 38.908611], [-76.329598, 38.952787], [-76.312756, 39.009356], [-76.18571, 38.990745], [-76.135195, 39.082107], [-76.132943, 39.122965], [-76.216845, 39.063639], [-76.235698, 39.191619], [-76.153125, 39.315039], [-76.074364, 39.368861], [-75.875984, 39.375991], [-76.003106, 39.410851], [-75.872929, 39.510892], [-75.9704, 39.504564], [-75.958919, 39.58505], [-76.063004, 39.561122], [-76.085064, 39.526998], [-76.080725, 39.470309], [-76.097259, 39.433098], [-76.141369, 39.403226], [-76.215813, 39.379946], [-76.223042, 39.420332], [-76.247662, 39.438602], [-76.256814, 39.352173], [-76.276369, 39.322741], [-76.330818, 39.403897], [-76.358976, 39.324685], [-76.405689, 39.303877], [-76.402778, 39.252824], [-76.420883, 39.224995], [-76.570407, 39.269336], [-76.573923, 39.254318], [-76.489383, 39.158693], [-76.427607, 39.126041], [-76.42006, 39.073889], [-76.47308, 39.030614], [-76.558553, 39.06521], [-76.493778, 38.945217], [-76.519508, 38.898328], [-76.521112, 38.7883], [-76.536877, 38.742618], [-76.501314, 38.532175], [-76.394088, 38.368973], [-76.438736, 38.361536], [-76.572429, 38.435792], [-76.646894, 38.538525], [-76.677326, 38.611958], [-76.668548, 38.537515], [-76.641983, 38.454348], [-76.408766, 38.268262], [-76.332905, 38.140776], [-76.341178, 38.087031], [-76.454425, 38.173538], [-76.593589, 38.228315], [-76.769161, 38.262933], [-76.868115, 38.390298], [-76.867752, 38.337146], [-76.889747, 38.29208], [-76.988393, 38.393879], [-77.001181, 38.445251], [-77.076712, 38.441758], [-77.155902, 38.397109], [-77.23252, 38.407711], [-77.241584, 38.494811], [-77.220919, 38.540953], [-77.134929, 38.650125], [-77.053894, 38.705803], [-77.018188, 38.777742], [-77.030361, 38.889253]]], [[[-75.225791, 38.040339], [-75.252476, 38.03745], [-75.097888, 38.298079], [-75.13623, 38.180536], [-75.225791, 38.040339]]]]}}, {"type": "Feature", "id": "massachusetts", "properties": {"preset_id": "massachusetts", "name": "Massachusetts", "postal": "MA", "kind": "state", "display_name": "Massachusetts (U.S. state)"}, "geometry": {"type": "MultiPolygon", "coordinates": [[[[-71.800836, 42.011963], [-71.801638, 42.022708], [-72.757624, 42.034079], [-72.763326, 42.011238], [-72.806458, 42.00803], [-72.8077, 42.034079], [-73.480568, 42.055568], [-73.507287, 42.080012], [-73.253327, 42.752222], [-71.329621, 42.702487], [-71.242335, 42.729535], [-71.139294, 42.808131], [-70.974082, 42.871676], [-70.806112, 42.876763], [-70.829051, 42.825347], [-70.781337, 42.72124], [-70.735678, 42.669286], [-70.62398, 42.671758], [-70.604139, 42.649719], [-70.61295, 42.623264], [-70.831171, 42.552567], [-70.930444, 42.431981], [-71.046174, 42.331116], [-70.996724, 42.299981], [-70.817944, 42.264967], [-70.73826, 42.228866], [-70.617696, 42.040429], [-70.645239, 42.021565], [-70.656148, 41.987046], [-70.548922, 41.938629], [-70.514677, 41.803311], [-70.426677, 41.7573], [-70.295467, 41.728955], [-70.135012, 41.769857], [-70.001407, 41.826184], [-70.006109, 41.872327], [-70.090034, 41.979707], [-70.110238, 42.030145], [-70.172585, 42.062808], [-70.196228, 42.035111], [-70.241085, 42.091229], [-70.159852, 42.097118], [-70.108941, 42.078309], [-69.977896, 41.961261], [-69.933841, 41.710421], [-69.94864, 41.677144], [-70.059514, 41.677352], [-70.40466, 41.626892], [-70.481356, 41.582453], [-70.657126, 41.534234], [-70.666453, 41.710114], [-70.701126, 41.714849], [-70.974246, 41.548527], [-71.079792, 41.53809], [-71.16854, 41.489409], [-71.188414, 41.516403], [-71.204278, 41.641131], [-71.148731, 41.74572], [-71.178339, 41.744072], [-71.233765, 41.706554], [-71.267889, 41.75084], [-71.340728, 41.797916], [-71.33763, 41.891443], [-71.379071, 41.902407], [-71.387135, 42.016863], [-71.800836, 42.011963]]], [[[-70.509898, 41.376338], [-70.785314, 41.327449], [-70.829183, 41.359002], [-70.760485, 41.373602], [-70.673715, 41.448529], [-70.615993, 41.457208], [-70.525356, 41.41479], [-70.509898, 41.376338]]], [[[-69.97794, 41.265596], [-70.055097, 41.249468], [-70.233076, 41.286338], [-70.0627, 41.328482], [-70.041199, 41.397476], [-69.97794, 41.265596]]]]}}, {"type": "Feature", "id": "michigan", "properties": {"preset_id": "michigan", "name": "Michigan", "postal": "MI", "kind": "state", "display_name": "Michigan (U.S. state)"}, "geometry": {"type": "Polygon", "coordinates": [[[-89.498383, 47.997897], [-89.273174, 48.019969], [-88.611764, 48.264008], [-88.378195, 48.303097], [-88.160665, 48.225402], [-86.428572, 47.540075], [-84.875973, 46.899901], [-84.779414, 46.637284], [-84.561753, 46.457372], [-84.501581, 46.461866], [-84.401715, 46.515611], [-84.192173, 46.549558], [-84.14948, 46.542769], [-84.125222, 46.527234], [-84.150469, 46.444793], [-84.11517, 46.370811], [-84.088407, 46.226527], [-83.977786, 46.084914], [-83.913043, 46.072895], [-83.763201, 46.109073], [-83.615951, 46.116829], [-83.480149, 46.023753], [-83.46947, 45.994683], [-83.592693, 45.817155], [-82.551079, 45.347357], [-82.13785, 43.570879], [-82.408191, 43.072638], [-82.488347, 42.739511], [-82.545322, 42.624682], [-82.744197, 42.493483], [-82.867749, 42.385213], [-83.073138, 42.30031], [-83.109525, 42.250707], [-83.149669, 42.14192], [-83.141946, 41.975862], [-83.121665, 41.95], [-83.464197, 41.739447], [-84.796113, 41.701434], [-84.796399, 41.759728], [-87.221257, 41.760728], [-87.039126, 42.492802], [-87.15501, 43.326763], [-87.141727, 43.657803], [-87.03249, 44.091466], [-86.7147, 44.846205], [-86.535952, 45.041487], [-86.264524, 45.226903], [-86.77429, 45.452365], [-87.115272, 45.452365], [-87.244384, 45.289789], [-87.419802, 45.183859], [-87.45954, 45.067997], [-87.653613, 45.121797], [-87.71885, 45.201272], [-87.720916, 45.242768], [-87.66271, 45.345193], [-87.664226, 45.371286], [-87.696394, 45.382832], [-87.84182, 45.360794], [-87.874911, 45.385392], [-87.859135, 45.445498], [-87.815178, 45.505824], [-87.814662, 45.563239], [-87.794557, 45.596033], [-87.809081, 45.686044], [-87.922537, 45.759971], [-88.116116, 45.815804], [-88.096483, 45.878415], [-88.104415, 45.905155], [-88.151745, 45.945409], [-88.492991, 46.013524], [-88.837335, 46.036618], [-89.119289, 46.149195], [-90.11855, 46.341664], [-90.23038, 46.509766], [-90.318227, 46.536639], [-90.34088, 46.558446], [-90.39234, 46.548965], [-90.412588, 46.585275], [-89.498383, 47.997897]]]}}, {"type": "Feature", "id": "minnesota", "properties": {"preset_id": "minnesota", "name": "Minnesota", "postal": "MN", "kind": "state", "display_name": "Minnesota (U.S. state)"}, "geometry": {"type": "Polygon", "coordinates": [[[-97.225738, 48.993182], [-95.162044, 48.991764], [-95.155298, 49.369672], [-94.93934, 49.349413], [-94.854333, 49.304589], [-94.842605, 49.119173], [-94.803461, 49.002948], [-94.71256, 48.863016], [-94.705095, 48.808523], [-94.620885, 48.742605], [-94.055182, 48.659021], [-93.851628, 48.607287], [-93.803546, 48.548949], [-93.70774, 48.525461], [-93.463618, 48.561276], [-93.377886, 48.616537], [-93.257943, 48.628864], [-92.996254, 48.611813], [-92.732654, 48.531822], [-92.500578, 48.43534], [-92.414588, 48.276587], [-92.34844, 48.276587], [-92.298677, 48.328882], [-92.171785, 48.338396], [-92.005155, 48.301834], [-91.8584, 48.197574], [-91.518307, 48.058311], [-91.38724, 48.058542], [-91.220655, 48.104607], [-91.043478, 48.193695], [-90.916048, 48.209153], [-90.840319, 48.200518], [-90.797318, 48.131062], [-90.744408, 48.104607], [-90.320138, 48.09918], [-90.091776, 48.118099], [-89.993646, 48.01531], [-89.901043, 47.995469], [-89.77537, 48.01531], [-89.498383, 47.997897], [-89.957677, 47.287137], [-90.654024, 47.309098], [-91.468363, 46.925093], [-91.964923, 46.729778], [-92.125346, 46.763012], [-92.224003, 46.671023], [-92.291646, 46.660718], [-92.292629, 46.084375], [-92.367276, 46.035981], [-92.424613, 46.027807], [-92.693949, 45.909012], [-92.738081, 45.874668], [-92.786448, 45.795501], [-92.874712, 45.706094], [-92.89652, 45.658578], [-92.892488, 45.594759], [-92.757461, 45.543244], [-92.707022, 45.493761], [-92.682605, 45.433095], [-92.685808, 45.380536], [-92.753918, 45.277572], [-92.76614, 45.236461], [-92.759059, 45.11058], [-92.79304, 45.071359], [-92.763404, 44.934261], [-92.799214, 44.790032], [-92.769809, 44.72585], [-92.643538, 44.645342], [-92.537031, 44.600792], [-92.441587, 44.586576], [-92.366941, 44.552266], [-92.313091, 44.497796], [-92.240307, 44.462145], [-92.148582, 44.445248], [-92.055121, 44.39982], [-91.912299, 44.288869], [-91.840976, 44.194156], [-91.716435, 44.126458], [-91.382692, 43.990799], [-91.319916, 43.936284], [-91.278432, 43.797428], [-91.245253, 43.502412], [-96.453619, 43.501171], [-96.453668, 45.297337], [-96.529759, 45.371549], [-96.696109, 45.431776], [-96.81491, 45.557427], [-96.85106, 45.626004], [-96.614689, 45.799972], [-96.556401, 45.942773], [-96.57048, 46.019237], [-96.560845, 46.138241], [-96.61743, 46.327096], [-96.730859, 46.472775], [-96.786647, 46.648216], [-96.795997, 46.797091], [-96.770135, 46.919666], [-96.818299, 46.974136], [-96.825325, 47.018861], [-96.847517, 47.373335], [-96.862947, 47.423927], [-96.858707, 47.588338], [-96.988005, 47.820336], [-97.007434, 47.925607], [-97.078516, 48.04337], [-97.125927, 48.173393], [-97.143961, 48.536755], [-97.128047, 48.681115], [-97.225738, 48.993182]]]}}, {"type": "Feature", "id": "mississippi", "properties": {"preset_id": "mississippi", "name": "Mississippi", "postal": "MS", "kind": "state", "display_name": "Mississippi (U.S. state)"}, "geometry": {"type": "MultiPolygon", "coordinates": [[[[-88.173267, 34.999005], [-88.084772, 34.933109], [-88.48619, 31.890511], [-88.399585, 30.370805], [-88.692096, 30.355359], [-88.819889, 30.406489], [-88.905209, 30.415146], [-89.223637, 30.332364], [-89.320536, 30.345328], [-89.443495, 30.223138], [-89.520861, 30.192629], [-89.591657, 30.223017], [-89.685766, 30.462684], [-89.819997, 30.611208], [-89.835366, 30.730816], [-89.764933, 30.886075], [-89.735314, 31.001157], [-91.656449, 31.001805], [-91.652615, 31.029557], [-91.611043, 31.0649], [-91.596365, 31.109911], [-91.630807, 31.217599], [-91.61825, 31.276958], [-91.558693, 31.287911], [-91.528953, 31.345194], [-91.529008, 31.448751], [-91.505728, 31.518701], [-91.459091, 31.554978], [-91.37253, 31.773716], [-91.286496, 31.883974], [-91.156527, 31.970689], [-91.092543, 32.045847], [-91.074591, 32.131321], [-90.947721, 32.240074], [-90.937647, 32.277329], [-90.9447, 32.330711], [-90.990019, 32.381051], [-91.059276, 32.423755], [-91.103815, 32.490497], [-91.100816, 32.541374], [-91.14965, 32.625013], [-91.142421, 32.661026], [-91.094356, 32.69426], [-91.092082, 32.725857], [-91.135587, 32.755783], [-91.13606, 32.808847], [-91.093378, 32.885027], [-91.096081, 32.937684], [-91.144179, 32.966875], [-91.152858, 33.040571], [-91.106781, 33.217923], [-91.163339, 33.294454], [-91.168459, 33.35946], [-91.141015, 33.438507], [-91.15433, 33.500206], [-91.192958, 33.52253], [-91.214579, 33.583406], [-91.172721, 33.616683], [-91.17037, 33.647456], [-91.207482, 33.675669], [-91.184125, 33.71567], [-91.100299, 33.767449], [-91.052707, 33.827599], [-91.038183, 33.901394], [-91.070175, 33.9742], [-91.060353, 33.989296], [-90.914729, 34.048622], [-90.908786, 34.071561], [-90.940251, 34.128558], [-90.90972, 34.188763], [-90.817215, 34.25222], [-90.768117, 34.308108], [-90.762338, 34.356426], [-90.718107, 34.391703], [-90.635424, 34.413873], [-90.584008, 34.503708], [-90.563848, 34.661164], [-90.53925, 34.72817], [-90.47476, 34.760052], [-90.467575, 34.805261], [-90.41595, 34.851623], [-90.31994, 34.899161], [-90.282104, 34.945304], [-90.293705, 35.001114], [-88.173267, 34.999005]]], [[[-88.558107, 30.215909], [-88.570653, 30.204802], [-88.659236, 30.225599], [-88.713102, 30.244924], [-88.722847, 30.264249], [-88.558107, 30.215909]]]]}}, {"type": "Feature", "id": "missouri", "properties": {"preset_id": "missouri", "name": "Missouri", "postal": "MO", "kind": "state", "display_name": "Missouri (U.S. state)"}, "geometry": {"type": "Polygon", "coordinates": [[[-89.704772, 36.001573], [-90.381068, 35.99274], [-90.303043, 36.099374], [-90.216164, 36.178409], [-90.149279, 36.215928], [-90.075659, 36.296721], [-90.074473, 36.371835], [-90.162243, 36.500869], [-94.61838, 36.500869], [-94.622384, 39.124404], [-94.777852, 39.193992], [-94.847203, 39.259152], [-94.882294, 39.343131], [-94.952518, 39.426375], [-95.057937, 39.508959], [-95.075356, 39.597377], [-95.004764, 39.691552], [-94.945827, 39.739485], [-94.898597, 39.741144], [-94.893296, 39.781815], [-94.929936, 39.861499], [-94.984016, 39.891162], [-95.116203, 39.87209], [-95.362467, 40.01032], [-95.434296, 40.09598], [-95.463652, 40.198065], [-95.52122, 40.264577], [-95.607106, 40.29547], [-95.66157, 40.362761], [-95.684696, 40.466362], [-95.765029, 40.601868], [-91.73153, 40.624653], [-91.682047, 40.551869], [-91.627423, 40.530753], [-91.616855, 40.50688], [-91.545487, 40.469318], [-91.529931, 40.432316], [-91.441952, 40.37945], [-91.499784, 40.226025], [-91.501652, 40.097529], [-91.425868, 39.826815], [-91.378737, 39.749406], [-91.209899, 39.602804], [-90.919376, 39.386901], [-90.737223, 39.181797], [-90.663527, 38.987493], [-90.577075, 38.909611], [-90.477968, 38.948118], [-90.220075, 38.897679], [-90.134206, 38.84667], [-90.132195, 38.818644], [-90.316601, 38.457809], [-90.373993, 38.309757], [-90.365775, 38.254254], [-90.299, 38.173999], [-90.173581, 38.069047], [-89.822963, 37.884092], [-89.623286, 37.747257], [-89.523421, 37.644524], [-89.523421, 37.575947], [-89.461974, 37.434125], [-89.461974, 37.36568], [-89.502931, 37.300509], [-89.486913, 37.212739], [-89.35188, 37.035519], [-89.290016, 37.012777], [-89.291675, 37.070653], [-89.272394, 37.07998], [-89.154313, 36.992112], [-89.122486, 36.911593], [-89.129517, 36.811057], [-89.156334, 36.715718], [-89.203048, 36.62552], [-89.256123, 36.594407], [-89.330534, 36.615907], [-89.397462, 36.587793], [-89.451823, 36.497518], [-89.471488, 36.488883], [-89.51952, 36.554823], [-89.549645, 36.553065], [-89.560038, 36.513097], [-89.540603, 36.426667], [-89.55527, 36.372922], [-89.604093, 36.351916], [-89.611707, 36.321968], [-89.583549, 36.272233], [-89.654081, 36.247964], [-89.674549, 36.220575], [-89.63413, 36.167917], [-89.641886, 36.104515], [-89.704772, 36.001573]]]}}, {"type": "Feature", "id": "montana", "properties": {"preset_id": "montana", "name": "Montana", "postal": "MT", "kind": "state", "display_name": "Montana (U.S. state)"}, "geometry": {"type": "Polygon", "coordinates": [[[-116.048494, 48.993083], [-104.033927, 48.993138], [-104.005478, 45.00097], [-111.050862, 45.001057], [-111.051434, 44.498883], [-111.160934, 44.555836], [-111.304081, 44.723312], [-111.372525, 44.74624], [-111.4481, 44.711117], [-111.491046, 44.624226], [-111.474506, 44.564615], [-111.499857, 44.54485], [-111.659302, 44.559605], [-111.797098, 44.539895], [-111.89208, 44.554925], [-112.074211, 44.547619], [-112.23131, 44.560692], [-112.320036, 44.53315], [-112.375385, 44.470022], [-112.715928, 44.498037], [-112.787142, 44.463079], [-112.831351, 44.396623], [-112.910392, 44.419331], [-112.999689, 44.48036], [-113.006379, 44.539137], [-113.05428, 44.605187], [-113.062706, 44.665073], [-113.140709, 44.765489], [-113.234269, 44.809873], [-113.338891, 44.808072], [-113.460796, 44.90362], [-113.469294, 44.929976], [-113.438136, 44.993971], [-113.447129, 45.029084], [-113.503582, 45.109284], [-113.557404, 45.140419], [-113.697112, 45.304983], [-113.756097, 45.44084], [-113.76615, 45.502517], [-113.799614, 45.540189], [-113.802273, 45.601098], [-113.942651, 45.681507], [-113.991924, 45.69302], [-114.006393, 45.658457], [-114.116619, 45.579103], [-114.297641, 45.487565], [-114.529233, 45.575719], [-114.532617, 45.633024], [-114.495796, 45.685846], [-114.533699, 45.78201], [-114.522537, 45.815133], [-114.396787, 45.89095], [-114.415903, 45.982159], [-114.478306, 46.035585], [-114.463578, 46.109765], [-114.485359, 46.158214], [-114.446599, 46.199325], [-114.444248, 46.270714], [-114.38022, 46.453033], [-114.387042, 46.499955], [-114.345805, 46.550591], [-114.332061, 46.601392], [-114.336868, 46.659224], [-114.380917, 46.667639], [-114.562999, 46.650435], [-114.624006, 46.677615], [-114.630648, 46.718572], [-114.661623, 46.745544], [-114.753689, 46.734568], [-114.786066, 46.776756], [-114.886937, 46.844871], [-114.935694, 46.922819], [-115.033516, 46.990934], [-115.306675, 47.231172], [-115.485994, 47.311636], [-115.702468, 47.437594], [-115.714454, 47.45225], [-115.676887, 47.470564], [-115.66968, 47.497854], [-115.710862, 47.552599], [-115.690867, 47.606652], [-115.718382, 47.68148], [-115.862149, 47.842408], [-116.04901, 48.00472], [-116.048494, 48.993083]]]}}, {"type": "Feature", "id": "nebraska", "properties": {"preset_id": "nebraska", "name": "Nebraska", "postal": "NE", "kind": "state", "display_name": "Nebraska (U.S. state)"}, "geometry": {"type": "Polygon", "coordinates": [[[-102.024489, 40.001124], [-102.025006, 41.000628], [-104.021655, 41.000858], [-104.028862, 43.001403], [-98.441765, 43.001095], [-98.143283, 42.852263], [-97.964947, 42.805868], [-97.880918, 42.849583], [-97.698139, 42.874643], [-97.416658, 42.881004], [-97.23879, 42.860536], [-97.164478, 42.813196], [-96.804527, 42.701421], [-96.675542, 42.637601], [-96.632778, 42.568673], [-96.55795, 42.524794], [-96.451004, 42.505985], [-96.383751, 42.417776], [-96.356104, 42.260133], [-96.295333, 42.132912], [-96.201384, 42.036122], [-96.154203, 41.965293], [-96.153763, 41.920436], [-96.13123, 41.872437], [-96.086637, 41.821372], [-96.068806, 41.734328], [-96.077771, 41.611281], [-96.058627, 41.54578], [-96.011397, 41.537881], [-95.990957, 41.52049], [-95.997367, 41.493639], [-95.98158, 41.473798], [-95.943567, 41.460933], [-95.932977, 41.425458], [-95.94972, 41.367428], [-95.936025, 41.330986], [-95.891943, 41.316166], [-95.883626, 41.287557], [-95.911169, 41.245183], [-95.906906, 41.21195], [-95.870887, 41.187824], [-95.846597, 41.080333], [-95.834017, 40.88949], [-95.838148, 40.777748], [-95.859, 40.745108], [-95.684696, 40.466362], [-95.66157, 40.362761], [-95.607106, 40.29547], [-95.52122, 40.264577], [-95.463652, 40.198065], [-95.434296, 40.09598], [-95.34668, 40.001487], [-102.024489, 40.001124]]]}}, {"type": "Feature", "id": "nevada", "properties": {"preset_id": "nevada", "name": "Nevada", "postal": "NV", "kind": "state", "display_name": "Nevada (U.S. state)"}, "geometry": {"type": "Polygon", "coordinates": [[[-114.042593, 42.001109], [-114.042879, 36.181771], [-114.061924, 36.175212], [-114.119437, 36.076665], [-114.183207, 36.030303], [-114.232146, 36.031698], [-114.281573, 36.060328], [-114.331545, 36.116293], [-114.406087, 36.148307], [-114.505277, 36.156426], [-114.669144, 36.12172], [-114.715759, 36.084982], [-114.741362, 36.013516], [-114.687101, 35.917341], [-114.677076, 35.729805], [-114.650126, 35.683508], [-114.645166, 35.630543], [-114.662063, 35.545355], [-114.648528, 35.475922], [-114.590987, 35.352776], [-114.610543, 34.991117], [-116.659592, 36.589968], [-118.126272, 37.69238], [-120.000062, 39.000259], [-120.000809, 42.000559], [-114.042593, 42.001109]]]}}, {"type": "Feature", "id": "new hampshire", "properties": {"preset_id": "new hampshire", "name": "New Hampshire", "postal": "NH", "kind": "state", "display_name": "New Hampshire (U.S. state)"}, "geometry": {"type": "Polygon", "coordinates": [[[-71.533483, 44.987973], [-71.419017, 45.200338], [-71.327292, 45.290108], [-71.201619, 45.260335], [-71.134647, 45.262818], [-71.084549, 45.294008], [-70.967545, 43.458148], [-70.955635, 43.389396], [-70.919699, 43.328103], [-70.829029, 43.23907], [-70.812835, 43.163649], [-70.733096, 43.070034], [-70.777635, 42.940582], [-70.806112, 42.876763], [-70.974082, 42.871676], [-71.139294, 42.808131], [-71.242335, 42.729535], [-71.329621, 42.702487], [-72.46686, 42.730315], [-72.539622, 42.829632], [-72.549807, 42.886684], [-72.473715, 43.038537], [-72.407072, 43.332036], [-72.384957, 43.52923], [-72.362369, 43.586645], [-72.296693, 43.714954], [-72.222381, 43.790869], [-72.114924, 43.965431], [-72.062233, 44.11635], [-72.031208, 44.300734], [-72.001776, 44.329496], [-71.825511, 44.37409], [-71.683007, 44.45028], [-71.609289, 44.514055], [-71.568442, 44.607637], [-71.618287, 44.727761], [-71.62066, 44.771894], [-71.510225, 44.908344], [-71.533483, 44.987973]]]}}, {"type": "Feature", "id": "new jersey", "properties": {"preset_id": "new jersey", "name": "New Jersey", "postal": "NJ", "kind": "state", "display_name": "New Jersey (U.S. state)"}, "geometry": {"type": "MultiPolygon", "coordinates": [[[[-75.074168, 39.98348], [-74.909297, 40.079545], [-74.734889, 40.154504], [-74.976379, 40.405828], [-75.034046, 40.420374], [-75.097448, 40.543135], [-75.189019, 40.595814], [-75.192282, 40.689868], [-75.174737, 40.775518], [-75.111797, 40.802105], [-75.075564, 40.856267], [-75.123036, 40.999002], [-75.031541, 41.05178], [-74.912296, 41.155271], [-74.812485, 41.30151], [-74.699051, 41.357299], [-73.910079, 40.992256], [-73.927218, 40.914242], [-74.025501, 40.756379], [-74.187143, 40.647988], [-74.226705, 40.608009], [-74.26419, 40.528633], [-74.241515, 40.456266], [-74.049836, 40.429833], [-73.998453, 40.452157], [-73.972251, 40.400324], [-73.957595, 40.328363], [-74.028347, 40.073008], [-74.079917, 39.78811], [-74.064591, 39.993115], [-74.09599, 39.975988], [-74.117644, 39.938129], [-74.176135, 39.726598], [-74.256577, 39.613856], [-74.330603, 39.535886], [-74.407024, 39.548806], [-74.389874, 39.486843], [-74.428831, 39.387186], [-74.474359, 39.34256], [-74.517172, 39.346845], [-74.578696, 39.316105], [-74.602987, 39.292561], [-74.604799, 39.247528], [-74.794478, 39.001907], [-74.923436, 38.941141], [-74.954308, 38.949952], [-74.897025, 39.145465], [-75.050218, 39.210834], [-75.136109, 39.207867], [-75.231031, 39.284266], [-75.35343, 39.339824], [-75.524245, 39.490172], [-75.523553, 39.601848], [-75.421908, 39.789714], [-75.353177, 39.829738], [-75.15383, 39.870486], [-75.074168, 39.98348]]], [[[-74.133222, 39.680785], [-74.250501, 39.529371], [-74.25316, 39.558485], [-74.106767, 39.746439], [-74.133222, 39.680785]]]]}}, {"type": "Feature", "id": "new mexico", "properties": {"preset_id": "new mexico", "name": "New Mexico", "postal": "NM", "kind": "state", "display_name": "New Mexico (U.S. state)"}, "geometry": {"type": "Polygon", "coordinates": [[[-109.047807, 31.327879], [-109.04667, 37.000846], [-103.000839, 37.000846], [-103.000295, 36.501232], [-103.042153, 36.500616], [-103.065642, 32.002748], [-106.668262, 32.000946], [-106.566358, 31.819529], [-106.445382, 31.768398], [-108.211841, 31.77933], [-108.21445, 31.329428], [-109.047807, 31.327879]]]}}, {"type": "Feature", "id": "new york", "properties": {"preset_id": "new york", "name": "New York", "postal": "NY", "kind": "state", "display_name": "New York (U.S. state)"}, "geometry": {"type": "MultiPolygon", "coordinates": [[[[-79.762024, 42.538977], [-79.036695, 42.80232], [-78.939236, 42.863744], [-78.915077, 42.90914], [-78.920867, 42.93521], [-79.026181, 43.017322], [-79.029071, 43.061762], [-79.066051, 43.106102], [-79.059228, 43.278061], [-79.171849, 43.466575], [-78.720432, 43.624932], [-76.819962, 43.628788], [-76.464609, 44.057595], [-76.248541, 44.214129], [-76.185787, 44.242232], [-76.151158, 44.303942], [-75.875929, 44.41698], [-75.79196, 44.497049], [-75.401253, 44.772278], [-75.179384, 44.899379], [-74.996143, 44.97012], [-74.856639, 45.003925], [-73.352182, 45.005419], [-73.345052, 44.938864], [-73.365805, 44.860366], [-73.348568, 44.775299], [-73.372078, 44.597332], [-73.309753, 44.45964], [-73.320915, 44.268874], [-73.38112, 44.187432], [-73.426131, 44.074855], [-73.374968, 43.804152], [-73.415925, 43.589644], [-73.391436, 43.578526], [-73.330484, 43.62669], [-73.247098, 43.553048], [-73.266555, 42.864777], [-73.2802, 42.813152], [-73.253327, 42.752222], [-73.507287, 42.080012], [-73.480568, 42.055568], [-73.544729, 41.295951], [-73.484139, 41.218959], [-73.723015, 41.104514], [-73.630466, 40.99186], [-73.779001, 40.878405], [-73.851247, 40.831405], [-73.910672, 40.816112], [-73.987082, 40.751392], [-73.90675, 40.912462], [-73.871967, 41.055164], [-73.882251, 41.170586], [-73.925328, 41.218058], [-73.969954, 41.249732], [-73.917649, 41.135781], [-73.910079, 40.992256], [-74.699051, 41.357299], [-74.75662, 41.423909], [-74.935367, 41.474369], [-75.02273, 41.552866], [-75.051361, 41.608369], [-75.066906, 41.713212], [-75.053679, 41.765045], [-75.094768, 41.799487], [-75.095537, 41.83171], [-75.238864, 41.892201], [-75.273977, 41.94666], [-75.351342, 41.998417], [-79.762958, 42.0009], [-79.762024, 42.538977]]], [[[-72.274138, 41.153041], [-72.580887, 40.921328], [-72.516573, 40.914813], [-72.287442, 41.024083], [-72.183852, 41.046792], [-72.151245, 41.051472], [-72.101894, 41.01502], [-71.903206, 41.060701], [-72.555542, 40.82578], [-73.194287, 40.654207], [-73.265522, 40.663567], [-73.620897, 40.599901], [-73.899565, 40.570524], [-73.801325, 40.621786], [-73.799183, 40.640979], [-73.822672, 40.655964], [-73.875175, 40.651625], [-73.928997, 40.598814], [-74.014911, 40.581213], [-74.032038, 40.638683], [-73.964571, 40.725343], [-73.879262, 40.791668], [-73.695208, 40.870033], [-73.652241, 40.838019], [-73.642837, 40.881228], [-73.573798, 40.919625], [-73.372705, 40.943806], [-73.278156, 40.924196], [-73.185838, 40.929854], [-73.033776, 40.965977], [-72.625118, 40.991838], [-72.372575, 41.125553], [-72.274138, 41.153041]]], [[[-74.188132, 40.522854], [-74.235879, 40.518712], [-74.188154, 40.614601], [-74.100483, 40.658447], [-74.068755, 40.649307], [-74.079708, 40.586465], [-74.188132, 40.522854]]]]}}, {"type": "Feature", "id": "north carolina", "properties": {"preset_id": "north carolina", "name": "North Carolina", "postal": "NC", "kind": "state", "display_name": "North Carolina (U.S. state)"}, "geometry": {"type": "MultiPolygon", "coordinates": [[[[-83.114821, 35.001477], [-84.32469, 34.988096], [-84.286974, 35.200846], [-84.261101, 35.249581], [-84.128584, 35.261413], [-84.062281, 35.286012], [-84.003735, 35.414069], [-83.871306, 35.51489], [-83.722716, 35.559901], [-83.511119, 35.584082], [-83.284241, 35.682058], [-83.120369, 35.774618], [-82.990203, 35.800447], [-82.949476, 35.834526], [-82.887722, 35.951728], [-82.812817, 35.947444], [-82.700087, 36.029841], [-82.611097, 36.047364], [-82.588751, 35.986951], [-82.553408, 35.970987], [-82.294944, 36.13397], [-82.182499, 36.153789], [-82.100618, 36.106526], [-82.051366, 36.122862], [-81.908247, 36.306411], [-81.80826, 36.352718], [-81.734125, 36.355454], [-81.704418, 36.533993], [-81.65889, 36.610579], [-81.641631, 36.595077], [-75.966445, 36.551362], [-75.992768, 36.473799], [-75.978486, 36.42915], [-75.924873, 36.382997], [-75.866579, 36.26786], [-75.820074, 36.112832], [-75.883015, 36.175696], [-76.147829, 36.279286], [-76.150027, 36.145758], [-76.27058, 36.189912], [-76.227381, 36.11604], [-76.321172, 36.138155], [-76.383684, 36.13353], [-76.424322, 36.067975], [-76.478814, 36.028193], [-76.559355, 36.01535], [-76.67893, 36.075314], [-76.717635, 36.148076], [-76.733631, 36.229155], [-76.726216, 35.957595], [-76.611156, 35.943642], [-76.358327, 35.952893], [-76.206562, 35.991213], [-76.069771, 35.970306], [-76.060027, 35.878658], [-76.08357, 35.690539], [-76.045711, 35.691155], [-76.001195, 35.722191], [-75.978925, 35.895951], [-75.85389, 35.960155], [-75.81201, 35.955738], [-75.772218, 35.899873], [-75.744752, 35.765466], [-75.773921, 35.647001], [-75.965951, 35.508397], [-76.10351, 35.380297], [-76.173845, 35.354149], [-76.390221, 35.401247], [-76.489482, 35.397018], [-76.51563, 35.43647], [-76.532483, 35.50843], [-76.577186, 35.532303], [-76.611057, 35.529667], [-76.634128, 35.453213], [-76.741388, 35.431482], [-76.887242, 35.463111], [-77.039996, 35.527392], [-76.974474, 35.458409], [-76.595445, 35.329704], [-76.512949, 35.270433], [-76.607519, 35.153], [-76.628031, 35.07336], [-76.779137, 34.990348], [-76.86104, 35.004993], [-77.070274, 35.154648], [-76.974957, 35.025174], [-76.898657, 34.970243], [-76.744969, 34.940964], [-76.456754, 34.989337], [-76.362206, 34.936504], [-76.516871, 34.777257], [-76.707066, 34.752142], [-76.733192, 34.706999], [-77.049499, 34.697364], [-77.133918, 34.707933], [-77.251769, 34.615637], [-77.29623, 34.602948], [-77.358369, 34.620262], [-77.412268, 34.730796], [-77.412949, 34.592126], [-77.379792, 34.526626], [-77.517671, 34.45138], [-77.750757, 34.284993], [-77.860829, 34.14918], [-77.927845, 33.939736], [-77.926043, 34.073165], [-77.953268, 34.168977], [-77.97056, 33.993426], [-78.013341, 33.911809], [-78.405882, 33.917566], [-78.564272, 33.876664], [-79.653556, 34.796791], [-80.784082, 34.828629], [-80.79297, 34.962772], [-80.933683, 35.113669], [-81.045249, 35.065615], [-81.046853, 35.131083], [-81.087316, 35.155714], [-82.392535, 35.210931], [-82.743966, 35.084061], [-83.114821, 35.001477]]], [[[-75.889057, 36.550505], [-75.857428, 36.550582], [-75.757881, 36.229232], [-75.534199, 35.81908], [-75.728239, 36.103713], [-75.809791, 36.271046], [-75.889057, 36.550505]]], [[[-75.635691, 35.855895], [-75.650775, 35.835592], [-75.717176, 35.946125], [-75.648863, 35.910387], [-75.635691, 35.855895]]], [[[-75.54412, 35.2401], [-75.678274, 35.212843], [-75.690106, 35.221566], [-75.536363, 35.278618], [-75.487892, 35.479514], [-75.481278, 35.572118], [-75.503525, 35.769158], [-75.478487, 35.716478], [-75.456471, 35.564164], [-75.464743, 35.448642], [-75.509337, 35.280332], [-75.54412, 35.2401]]], [[[-75.781963, 35.1902], [-75.963676, 35.118844], [-75.984199, 35.123074], [-75.86492, 35.174127], [-75.781963, 35.1902]]], [[[-76.357712, 34.803668], [-76.528582, 34.631501], [-76.437033, 34.756328], [-76.25622, 34.914718], [-76.207386, 34.938899], [-76.357712, 34.803668]]], [[[-76.546227, 34.654858], [-76.607794, 34.66357], [-76.673921, 34.700155], [-76.622274, 34.694552], [-76.546227, 34.654858]]]]}}, {"type": "Feature", "id": "north dakota", "properties": {"preset_id": "north dakota", "name": "North Dakota", "postal": "ND", "kind": "state", "display_name": "North Dakota (U.S. state)"}, "geometry": {"type": "Polygon", "coordinates": [[[-104.033927, 48.993138], [-97.225738, 48.993182], [-97.128047, 48.681115], [-97.143961, 48.536755], [-97.125927, 48.173393], [-97.078516, 48.04337], [-97.007434, 47.925607], [-96.988005, 47.820336], [-96.858707, 47.588338], [-96.862947, 47.423927], [-96.847517, 47.373335], [-96.825325, 47.018861], [-96.818299, 46.974136], [-96.770135, 46.919666], [-96.795997, 46.797091], [-96.786647, 46.648216], [-96.730859, 46.472775], [-96.61743, 46.327096], [-96.598567, 46.271857], [-96.560845, 46.138241], [-96.57048, 46.019237], [-96.556401, 45.942773], [-104.011087, 45.943058], [-104.033927, 48.993138]]]}}, {"type": "Feature", "id": "ohio", "properties": {"preset_id": "ohio", "name": "Ohio", "postal": "OH", "kind": "state", "display_name": "Ohio (U.S. state)"}, "geometry": {"type": "Polygon", "coordinates": [[[-83.121665, 41.95], [-83.029962, 41.832974], [-82.690012, 41.675177], [-82.439073, 41.67487], [-81.277643, 42.209179], [-80.520762, 42.324392], [-80.519081, 40.646956], [-80.637524, 40.603263], [-80.659047, 40.562976], [-80.623187, 40.51156], [-80.604093, 40.445203], [-80.601819, 40.363893], [-80.872192, 39.735508], [-80.874313, 39.664294], [-80.963291, 39.57113], [-81.262504, 39.386538], [-81.333354, 39.362819], [-81.392417, 39.364829], [-81.439647, 39.392559], [-81.492722, 39.373618], [-81.551631, 39.308041], [-81.606464, 39.274137], [-81.657209, 39.271973], [-81.700594, 39.229467], [-81.770665, 39.098828], [-81.802602, 39.086062], [-81.780124, 38.946975], [-81.843757, 38.934319], [-81.896678, 38.893549], [-81.949797, 38.989327], [-82.001092, 39.011102], [-82.072273, 38.962949], [-82.203527, 38.768228], [-82.180071, 38.637589], [-82.202494, 38.605839], [-82.252317, 38.594083], [-82.290868, 38.552017], [-82.318147, 38.479672], [-82.387064, 38.43399], [-82.497543, 38.414973], [-82.621282, 38.450679], [-82.758226, 38.541162], [-82.844623, 38.627668], [-82.880438, 38.710253], [-83.000068, 38.713999], [-83.203469, 38.638907], [-83.35697, 38.627405], [-83.538387, 38.69986], [-83.689878, 38.649531], [-83.752269, 38.669373], [-83.828086, 38.731226], [-83.948386, 38.774226], [-84.113236, 38.798385], [-84.227285, 38.865204], [-84.290435, 38.974705], [-84.358022, 39.049917], [-84.43006, 39.090896], [-84.508865, 39.102838], [-84.594547, 39.085776], [-84.660542, 39.094467], [-84.706948, 39.128909], [-84.765901, 39.124998], [-84.821711, 39.091984], [-84.796113, 41.701434], [-83.464197, 41.739447], [-83.121665, 41.95]]]}}, {"type": "Feature", "id": "oklahoma", "properties": {"preset_id": "oklahoma", "name": "Oklahoma", "postal": "OK", "kind": "state", "display_name": "Oklahoma (U.S. state)"}, "geometry": {"type": "Polygon", "coordinates": [[[-94.61838, 36.500869], [-94.439138, 35.387251], [-94.484149, 33.648434], [-94.709198, 33.699289], [-94.869374, 33.768196], [-94.962389, 33.843408], [-95.21586, 33.959039], [-95.238031, 33.956479], [-95.276016, 33.910622], [-95.373888, 33.874269], [-95.523494, 33.886562], [-95.594471, 33.945163], [-95.763166, 33.891473], [-95.783914, 33.864502], [-95.863082, 33.863304], [-95.941579, 33.882838], [-96.139344, 33.821963], [-96.207272, 33.774062], [-96.278562, 33.757627], [-96.315048, 33.711122], [-96.41114, 33.775205], [-96.487204, 33.7923], [-96.59159, 33.849275], [-96.606345, 33.905635], [-96.648538, 33.906382], [-96.694016, 33.863799], [-96.746283, 33.854186], [-96.847572, 33.883179], [-96.889996, 33.934617], [-96.934051, 33.95348], [-96.977694, 33.938033], [-97.02159, 33.866512], [-97.063838, 33.8568], [-97.061229, 33.8285], [-97.119, 33.734764], [-97.145071, 33.737687], [-97.192488, 33.784631], [-97.201013, 33.808164], [-97.186182, 33.870083], [-97.214938, 33.897109], [-97.264679, 33.867776], [-97.308163, 33.869226], [-97.398492, 33.831323], [-97.430171, 33.838508], [-97.481565, 33.885705], [-97.571247, 33.91594], [-97.605925, 33.971651], [-97.640933, 33.991669], [-97.842422, 33.875785], [-97.92159, 33.878367], [-97.946238, 33.897076], [-97.951072, 33.971212], [-98.069383, 34.040305], [-98.098635, 34.145027], [-98.355978, 34.141511], [-98.453674, 34.078131], [-98.608395, 34.161275], [-98.730118, 34.146576], [-98.96884, 34.208605], [-99.157508, 34.223282], [-99.186578, 34.235477], [-99.19991, 34.318314], [-99.252875, 34.388077], [-99.360387, 34.456094], [-99.38465, 34.446788], [-99.404986, 34.392065], [-99.536168, 34.404744], [-99.632029, 34.388495], [-99.867027, 34.543369], [-99.999341, 34.586721], [-100.002444, 36.500902], [-103.000295, 36.501232], [-103.000839, 37.000846], [-94.618067, 37.000846], [-94.61838, 36.500869]]]}}, {"type": "Feature", "id": "oregon", "properties": {"preset_id": "oregon", "name": "Oregon", "postal": "OR", "kind": "state", "display_name": "Oregon (U.S. state)"}, "geometry": {"type": "Polygon", "coordinates": [[[-117.016675, 42.000559], [-124.228409, 42.000768], [-124.355273, 42.122881], [-124.420515, 42.381005], [-124.406173, 42.583681], [-124.443795, 42.670209], [-124.539629, 42.812866], [-124.498573, 42.936858], [-124.454441, 43.012367], [-124.346588, 43.341649], [-124.320595, 43.368203], [-124.275485, 43.367379], [-124.196938, 43.423344], [-124.23316, 43.436363], [-124.287987, 43.409699], [-124.184353, 43.651552], [-124.148719, 43.691729], [-124.130663, 44.055662], [-124.099165, 44.333781], [-124.047464, 44.425506], [-124.065443, 44.520076], [-124.044541, 44.648231], [-124.059192, 44.777727], [-123.948603, 45.40085], [-123.9631, 45.476084], [-123.929355, 45.576961], [-123.961216, 45.842995], [-123.947131, 46.140592], [-123.989302, 46.219397], [-123.962946, 46.225451], [-123.911684, 46.182198], [-123.67361, 46.182604], [-123.521631, 46.22266], [-123.466358, 46.209433], [-123.402281, 46.154962], [-123.321564, 46.144009], [-123.120904, 46.178781], [-123.042275, 46.160027], [-122.941997, 46.114862], [-122.843373, 45.978094], [-122.725913, 45.67375], [-122.649849, 45.627443], [-122.202535, 45.591067], [-122.085124, 45.602647], [-121.882014, 45.689461], [-121.662519, 45.718135], [-121.402121, 45.71184], [-121.242698, 45.687033], [-121.184278, 45.64378], [-121.045241, 45.639044], [-120.351432, 45.725166], [-120.156046, 45.762168], [-119.934276, 45.837875], [-119.429113, 45.93417], [-119.177345, 45.94508], [-119.01968, 46.000341], [-116.896479, 46.002099], [-116.869194, 45.958483], [-116.764725, 45.87291], [-116.616827, 45.79917], [-116.520917, 45.721914], [-116.477043, 45.641088], [-116.549157, 45.456737], [-116.737342, 45.168841], [-116.839553, 44.98516], [-116.855857, 44.90574], [-116.948955, 44.770114], [-117.118919, 44.578314], [-117.201701, 44.436206], [-117.197312, 44.3438], [-117.139744, 44.290264], [-117.028952, 44.275542], [-116.95319, 44.245308], [-116.91242, 44.199473], [-116.91131, 44.157406], [-116.949779, 44.119009], [-116.960683, 44.079118], [-116.943967, 44.037677], [-116.957634, 43.964135], [-117.020498, 43.813194], [-117.016675, 42.000559]]]}}, {"type": "Feature", "id": "pennsylvania", "properties": {"preset_id": "pennsylvania", "name": "Pennsylvania", "postal": "PA", "kind": "state", "display_name": "Pennsylvania (U.S. state)"}, "geometry": {"type": "Polygon", "coordinates": [[[-80.520762, 42.324392], [-80.247576, 42.365997], [-79.762024, 42.538977], [-79.762958, 42.0009], [-75.351342, 41.998417], [-75.273977, 41.94666], [-75.238864, 41.892201], [-75.095537, 41.83171], [-75.094768, 41.799487], [-75.053679, 41.765045], [-75.066906, 41.713212], [-75.051361, 41.608369], [-74.981257, 41.507702], [-74.935367, 41.474369], [-74.75662, 41.423909], [-74.699051, 41.357299], [-74.812485, 41.30151], [-74.912296, 41.155271], [-75.031541, 41.05178], [-75.123036, 40.999002], [-75.075564, 40.856267], [-75.111797, 40.802105], [-75.174737, 40.775518], [-75.192282, 40.689868], [-75.189019, 40.595814], [-75.097448, 40.543135], [-75.034046, 40.420374], [-74.976379, 40.405828], [-74.734889, 40.154504], [-75.023532, 40.01745], [-75.172924, 39.894777], [-75.320877, 39.864696], [-75.421029, 39.815422], [-75.510446, 39.843438], [-75.634581, 39.839482], [-75.709145, 39.802898], [-75.78472, 39.722357], [-80.519443, 39.722511], [-80.520762, 42.324392]]]}}, {"type": "Feature", "id": "rhode island", "properties": {"preset_id": "rhode island", "name": "Rhode Island", "postal": "RI", "kind": "state", "display_name": "Rhode Island (U.S. state)"}, "geometry": {"type": "MultiPolygon", "coordinates": [[[[-71.842353, 41.335513], [-71.829873, 41.392741], [-71.804527, 41.416746], [-71.795793, 41.519951], [-71.800836, 42.011963], [-71.387135, 42.016863], [-71.379071, 41.902407], [-71.33763, 41.891443], [-71.340728, 41.797916], [-71.267889, 41.75084], [-71.233765, 41.706554], [-71.271075, 41.681231], [-71.330599, 41.762255], [-71.390156, 41.795335], [-71.363679, 41.702731], [-71.426542, 41.633297], [-71.443802, 41.453693], [-71.52286, 41.378975], [-71.769283, 41.33091], [-71.842353, 41.335513]]], [[[-71.241379, 41.491969], [-71.290938, 41.464602], [-71.346232, 41.469403], [-71.318151, 41.506306], [-71.280194, 41.620048], [-71.232052, 41.654303], [-71.241379, 41.491969]]], [[[-71.36536, 41.485267], [-71.393078, 41.466745], [-71.403383, 41.51504], [-71.383981, 41.570532], [-71.364316, 41.571807], [-71.354472, 41.542297], [-71.36536, 41.485267]]]]}}, {"type": "Feature", "id": "south carolina", "properties": {"preset_id": "south carolina", "name": "South Carolina", "postal": "SC", "kind": "state", "display_name": "South Carolina (U.S. state)"}, "geometry": {"type": "Polygon", "coordinates": [[[-80.872346, 32.029565], [-81.074813, 32.109699], [-81.135018, 32.181858], [-81.132953, 32.27467], [-81.171504, 32.380139], [-81.290332, 32.557239], [-81.37697, 32.607468], [-81.433813, 32.728032], [-81.489778, 32.935663], [-81.57824, 33.068575], [-81.69932, 33.126759], [-81.780322, 33.195292], [-81.864093, 33.325436], [-81.908741, 33.349254], [-81.932845, 33.38987], [-81.936394, 33.447285], [-82.005718, 33.522893], [-82.208361, 33.663584], [-82.256623, 33.749233], [-82.351897, 33.837728], [-82.589268, 34.017377], [-82.818585, 34.366017], [-82.847732, 34.436911], [-82.896819, 34.465806], [-82.975679, 34.476396], [-83.052781, 34.51086], [-83.166522, 34.599597], [-83.355575, 34.708318], [-83.316716, 34.805657], [-83.1704, 34.932911], [-83.121357, 35.000554], [-82.743966, 35.084061], [-82.392535, 35.210931], [-81.087316, 35.155714], [-81.046853, 35.131083], [-81.045249, 35.065615], [-80.933683, 35.113669], [-80.79297, 34.962772], [-80.784082, 34.828629], [-79.653556, 34.796791], [-78.564272, 33.876664], [-78.841435, 33.724097], [-78.920295, 33.658695], [-79.138187, 33.405921], [-79.193822, 33.244148], [-79.23836, 33.312153], [-79.226473, 33.404889], [-79.281328, 33.315438], [-79.229242, 33.185129], [-79.276011, 33.135394], [-79.419931, 33.042527], [-79.587121, 33.000877], [-79.614928, 32.909263], [-79.804991, 32.78738], [-79.933103, 32.810034], [-79.89364, 32.728702], [-79.940727, 32.667157], [-80.021752, 32.619894], [-80.229668, 32.576509], [-80.268351, 32.537342], [-80.362844, 32.500725], [-80.572233, 32.533695], [-80.634195, 32.511733], [-80.530012, 32.475379], [-80.474278, 32.422777], [-80.485726, 32.351827], [-80.579341, 32.287326], [-80.608224, 32.292809], [-80.647214, 32.395926], [-80.677778, 32.381128], [-80.683052, 32.348641], [-80.709331, 32.33704], [-80.802561, 32.448045], [-80.797881, 32.363396], [-80.765328, 32.298313], [-80.702047, 32.245908], [-80.694214, 32.21574], [-80.758011, 32.142175], [-80.849242, 32.113929], [-80.882058, 32.068611], [-80.872346, 32.029565]]]}}, {"type": "Feature", "id": "south dakota", "properties": {"preset_id": "south dakota", "name": "South Dakota", "postal": "SD", "kind": "state", "display_name": "South Dakota (U.S. state)"}, "geometry": {"type": "Polygon", "coordinates": [[[-96.453619, 43.501171], [-96.598622, 43.497501], [-96.534956, 43.338057], [-96.569942, 43.283323], [-96.563454, 43.242685], [-96.49028, 43.205529], [-96.461293, 43.129767], [-96.462688, 43.099181], [-96.502112, 43.043294], [-96.513274, 42.969059], [-96.626835, 42.757001], [-96.62177, 42.729535], [-96.538702, 42.658585], [-96.480953, 42.511259], [-96.55795, 42.524794], [-96.632778, 42.568673], [-96.675542, 42.637601], [-96.804527, 42.701421], [-97.164478, 42.813196], [-97.23879, 42.860536], [-97.416658, 42.881004], [-97.698139, 42.874643], [-97.880918, 42.849583], [-97.964947, 42.805868], [-98.143283, 42.852263], [-98.441765, 43.001095], [-104.028862, 43.001403], [-104.037212, 45.001134], [-104.005478, 45.00097], [-104.00478, 45.013483], [-104.011087, 45.943058], [-96.556401, 45.942773], [-96.614689, 45.799972], [-96.85106, 45.626004], [-96.81491, 45.557427], [-96.696109, 45.431776], [-96.529759, 45.371549], [-96.453668, 45.297337], [-96.453619, 43.501171]]]}}, {"type": "Feature", "id": "tennessee", "properties": {"preset_id": "tennessee", "name": "Tennessee", "postal": "TN", "kind": "state", "display_name": "Tennessee (U.S. state)"}, "geometry": {"type": "Polygon", "coordinates": [[[-84.32469, 34.988096], [-88.190427, 35.024999], [-88.203139, 35.024197], [-88.173267, 34.999005], [-90.29376, 35.004476], [-90.255956, 35.046389], [-90.14227, 35.114296], [-90.092919, 35.203592], [-90.107882, 35.314203], [-90.066024, 35.414112], [-89.967345, 35.50331], [-89.92652, 35.591652], [-89.943505, 35.679136], [-89.894561, 35.750503], [-89.779655, 35.805742], [-89.763593, 35.828044], [-89.763593, 35.888766], [-89.688908, 35.920956], [-89.70932, 35.98305], [-89.697697, 36.030303], [-89.641886, 36.104515], [-89.63413, 36.167917], [-89.674549, 36.220575], [-89.654081, 36.247964], [-89.583549, 36.272233], [-89.611707, 36.321968], [-89.604093, 36.351916], [-89.55527, 36.372922], [-89.540603, 36.426667], [-89.557313, 36.501078], [-89.487221, 36.503066], [-89.471488, 36.488883], [-89.450329, 36.500023], [-88.059108, 36.499683], [-88.056713, 36.59032], [-88.096297, 36.693009], [-87.868715, 36.675046], [-87.839151, 36.643966], [-86.507586, 36.66484], [-83.730385, 36.586815], [-83.667521, 36.60503], [-81.952511, 36.598021], [-81.905336, 36.618544], [-81.65889, 36.610579], [-81.704418, 36.533993], [-81.734125, 36.355454], [-81.80826, 36.352718], [-81.908247, 36.306411], [-82.051366, 36.122862], [-82.100618, 36.106526], [-82.182499, 36.153789], [-82.294944, 36.13397], [-82.553408, 35.970987], [-82.588751, 35.986951], [-82.611097, 36.047364], [-82.700087, 36.029841], [-82.812817, 35.947444], [-82.887722, 35.951728], [-82.949476, 35.834526], [-82.990203, 35.800447], [-83.120369, 35.774618], [-83.284241, 35.682058], [-83.511119, 35.584082], [-83.722716, 35.559901], [-83.871306, 35.51489], [-84.003735, 35.414069], [-84.062281, 35.286012], [-84.128584, 35.261413], [-84.261101, 35.249581], [-84.286974, 35.200846], [-84.32469, 34.988096]]]}}, {"type": "Feature", "id": "texas", "properties": {"preset_id": "texas", "name": "Texas", "postal": "TX", "kind": "state", "display_name": "Texas (U.S. state)"}, "geometry": {"type": "MultiPolygon", "coordinates": [[[[-94.484149, 33.648434], [-94.432008, 33.599731], [-94.357674, 33.560972], [-94.294679, 33.58746], [-94.191534, 33.589009], [-94.098798, 33.57733], [-94.047327, 33.554435], [-94.043301, 31.999232], [-93.905065, 31.876998], [-93.845585, 31.792942], [-93.826798, 31.75026], [-93.806902, 31.568799], [-93.737578, 31.513812], [-93.736057, 31.477667], [-93.663657, 31.372198], [-93.665882, 31.322584], [-93.596992, 31.209754], [-93.557749, 31.180421], [-93.530591, 31.04619], [-93.562654, 31.004903], [-93.549196, 30.947719], [-93.579194, 30.823805], [-93.624721, 30.714348], [-93.720215, 30.558265], [-93.715205, 30.473253], [-93.750394, 30.344713], [-93.720967, 30.282904], [-93.710629, 30.112813], [-93.79401, 29.977264], [-93.841449, 29.979747], [-93.946302, 29.815007], [-93.886383, 29.722634], [-93.890464, 29.689356], [-94.099677, 29.670383], [-94.574457, 29.484527], [-94.759609, 29.384255], [-94.750128, 29.418027], [-94.526265, 29.547962], [-94.605334, 29.567804], [-94.732638, 29.53535], [-94.778291, 29.547863], [-94.724365, 29.655299], [-94.741938, 29.74999], [-94.832322, 29.752605], [-94.889913, 29.676953], [-94.929859, 29.68015], [-94.982286, 29.712603], [-95.022875, 29.70232], [-94.992827, 29.530934], [-94.888287, 29.370555], [-95.139044, 29.167835], [-95.152145, 29.079231], [-95.273506, 28.963863], [-95.853419, 28.640349], [-96.020411, 28.586834], [-96.180531, 28.501877], [-96.234535, 28.48899], [-96.011034, 28.631944], [-96.115031, 28.622232], [-96.27536, 28.655125], [-96.37344, 28.657037], [-96.374111, 28.631098], [-96.448735, 28.594481], [-96.526041, 28.648303], [-96.575704, 28.715715], [-96.608515, 28.723307], [-96.64004, 28.708761], [-96.524645, 28.488704], [-96.42111, 28.457339], [-96.561697, 28.367163], [-96.676339, 28.34129], [-96.773546, 28.421622], [-96.806901, 28.220188], [-96.839508, 28.194403], [-96.8916, 28.157555], [-96.933276, 28.224275], [-97.01547, 28.163454], [-97.156491, 28.14436], [-97.141275, 28.060765], [-97.034329, 28.093845], [-97.073088, 27.986091], [-97.171454, 27.879567], [-97.251578, 27.85442], [-97.37413, 27.870031], [-97.431517, 27.837215], [-97.288733, 27.670608], [-97.380458, 27.419361], [-97.439109, 27.328285], [-97.523863, 27.313969], [-97.682148, 27.394917], [-97.768446, 27.457495], [-97.692377, 27.287141], [-97.485103, 27.237406], [-97.475671, 27.117885], [-97.554712, 26.967351], [-97.465828, 26.691759], [-97.435082, 26.485853], [-97.402316, 26.396534], [-97.213933, 26.067867], [-97.150372, 26.065307], [-97.140187, 26.029733], [-97.146235, 25.961464], [-97.281785, 25.941623], [-97.33865, 25.91118], [-97.358162, 25.87052], [-97.440273, 25.890822], [-97.587243, 25.984206], [-97.801416, 26.042049], [-98.082792, 26.064428], [-98.275031, 26.111197], [-98.378121, 26.182356], [-98.48587, 26.224576], [-98.598293, 26.237858], [-98.691413, 26.276453], [-98.76523, 26.340405], [-98.873209, 26.38123], [-99.015268, 26.398962], [-99.107767, 26.446917], [-99.172081, 26.564141], [-99.22993, 26.761928], [-99.302462, 26.884711], [-99.456534, 27.05667], [-99.440258, 27.170125], [-99.455139, 27.233714], [-99.499814, 27.285515], [-99.51007, 27.340326], [-99.485834, 27.398048], [-99.484258, 27.467393], [-99.505319, 27.548341], [-99.595313, 27.63588], [-99.754269, 27.729934], [-99.889631, 27.867296], [-100.001412, 28.047845], [-100.111945, 28.172957], [-100.221265, 28.242622], [-100.296043, 28.327678], [-100.336275, 28.428137], [-100.348157, 28.48643], [-100.331727, 28.502547], [-100.549695, 28.821338], [-100.636306, 28.972806], [-100.65863, 29.068541], [-100.754596, 29.182513], [-101.016334, 29.400658], [-101.038631, 29.460291], [-101.303528, 29.634084], [-101.380344, 29.742552], [-101.44039, 29.776841], [-101.544623, 29.783531], [-101.546381, 29.808075], [-101.611596, 29.78697], [-101.752336, 29.782476], [-101.990899, 29.795704], [-102.163087, 29.825257], [-102.268919, 29.871169], [-102.343076, 29.864973], [-102.385659, 29.806657], [-102.476247, 29.769084], [-102.614944, 29.752341], [-102.73419, 29.64395], [-102.834, 29.443966], [-102.877825, 29.315316], [-102.865679, 29.258033], [-102.892008, 29.216384], [-102.956811, 29.190368], [-103.022828, 29.132207], [-103.090009, 29.041866], [-103.168298, 28.998173], [-103.257699, 29.001129], [-103.422933, 29.070683], [-103.663979, 29.206903], [-103.852905, 29.29108], [-103.989746, 29.323171], [-104.110617, 29.386112], [-104.312205, 29.542436], [-104.400623, 29.573747], [-104.503977, 29.677667], [-104.622212, 29.854272], [-104.68133, 29.990525], [-104.68133, 30.134358], [-104.917854, 30.583358], [-104.978834, 30.645936], [-105.275816, 30.80727], [-105.513994, 30.980766], [-105.812707, 31.241043], [-106.02409, 31.397774], [-106.148065, 31.450926], [-106.255703, 31.544662], [-106.346967, 31.678991], [-106.436027, 31.764465], [-106.566358, 31.819529], [-106.668262, 32.000946], [-103.065642, 32.002748], [-103.042153, 36.500616], [-100.002444, 36.500902], [-99.999341, 34.586721], [-99.867027, 34.543369], [-99.685615, 34.415829], [-99.632029, 34.388495], [-99.536168, 34.404744], [-99.404986, 34.392065], [-99.38465, 34.446788], [-99.360387, 34.456094], [-99.252875, 34.388077], [-99.19991, 34.318314], [-99.186578, 34.235477], [-99.157508, 34.223282], [-98.96884, 34.208605], [-98.730118, 34.146576], [-98.608395, 34.161275], [-98.453674, 34.078131], [-98.355978, 34.141511], [-98.098635, 34.145027], [-98.069383, 34.040305], [-97.951072, 33.971212], [-97.946238, 33.897076], [-97.92159, 33.878367], [-97.842422, 33.875785], [-97.640933, 33.991669], [-97.605925, 33.971651], [-97.571247, 33.91594], [-97.481565, 33.885705], [-97.430171, 33.838508], [-97.398492, 33.831323], [-97.308163, 33.869226], [-97.264679, 33.867776], [-97.214938, 33.897109], [-97.194762, 33.890616], [-97.186182, 33.870083], [-97.201013, 33.808164], [-97.145071, 33.737687], [-97.09895, 33.750442], [-97.061229, 33.8285], [-97.063838, 33.8568], [-97.02159, 33.866512], [-96.977694, 33.938033], [-96.934051, 33.95348], [-96.889996, 33.934617], [-96.847572, 33.883179], [-96.746283, 33.854186], [-96.694016, 33.863799], [-96.648538, 33.906382], [-96.606345, 33.905635], [-96.59159, 33.849275], [-96.487204, 33.7923], [-96.41114, 33.775205], [-96.315048, 33.711122], [-96.278562, 33.757627], [-96.207272, 33.774062], [-96.139344, 33.821963], [-95.941579, 33.882838], [-95.863082, 33.863304], [-95.783914, 33.864502], [-95.763166, 33.891473], [-95.594471, 33.945163], [-95.523494, 33.886562], [-95.373888, 33.874269], [-95.276016, 33.910622], [-95.238031, 33.956479], [-95.21586, 33.959039], [-94.962389, 33.843408], [-94.869374, 33.768196], [-94.709198, 33.699289], [-94.484149, 33.648434]]], [[[-95.039695, 29.145918], [-95.089666, 29.136305], [-94.87167, 29.290146], [-94.825989, 29.341309], [-94.767618, 29.339035], [-94.864952, 29.252892], [-95.039695, 29.145918]]], [[[-96.7644, 28.152567], [-96.801116, 28.148414], [-96.755611, 28.202434], [-96.68164, 28.229702], [-96.519322, 28.333468], [-96.453124, 28.340598], [-96.403565, 28.381577], [-96.413332, 28.337807], [-96.7644, 28.152567]]], [[[-97.014355, 27.901628], [-97.036009, 27.899178], [-96.978672, 28.013842], [-96.899301, 28.117454], [-96.857416, 28.132912], [-96.839766, 28.088802], [-96.92134, 28.01604], [-97.014355, 27.901628]]], [[[-97.250907, 27.541189], [-97.384825, 27.242525], [-97.376223, 27.328252], [-97.29504, 27.523072], [-97.130008, 27.77913], [-97.060558, 27.822021], [-97.250907, 27.541189]]], [[[-97.170702, 26.159383], [-97.184501, 26.112933], [-97.267316, 26.329759], [-97.402085, 26.820507], [-97.407177, 27.100208], [-97.38599, 27.196503], [-97.351235, 26.801468], [-97.170702, 26.159383]]]]}}, {"type": "Feature", "id": "utah", "properties": {"preset_id": "utah", "name": "Utah", "postal": "UT", "kind": "state", "display_name": "Utah (U.S. state)"}, "geometry": {"type": "Polygon", "coordinates": [[[-109.04667, 37.000846], [-114.04027, 37.004153], [-114.042593, 42.001109], [-111.050296, 42.000878], [-111.049989, 41.000858], [-109.04639, 41.000858], [-109.04667, 37.000846]]]}}, {"type": "Feature", "id": "vermont", "properties": {"preset_id": "vermont", "name": "Vermont", "postal": "VT", "kind": "state", "display_name": "Vermont (U.S. state)"}, "geometry": {"type": "Polygon", "coordinates": [[[-73.352182, 45.005419], [-71.51752, 45.007561], [-71.533483, 44.987973], [-71.510225, 44.908344], [-71.62066, 44.771894], [-71.618287, 44.727761], [-71.568442, 44.607637], [-71.609289, 44.514055], [-71.683007, 44.45028], [-71.825511, 44.37409], [-72.001776, 44.329496], [-72.031208, 44.300734], [-72.062233, 44.11635], [-72.114924, 43.965431], [-72.222381, 43.790869], [-72.296693, 43.714954], [-72.362369, 43.586645], [-72.384957, 43.52923], [-72.407072, 43.332036], [-72.473715, 43.038537], [-72.549807, 42.886684], [-72.539622, 42.829632], [-72.46686, 42.730315], [-73.253327, 42.752222], [-73.2802, 42.813152], [-73.266555, 42.864777], [-73.247098, 43.553048], [-73.330484, 43.62669], [-73.391436, 43.578526], [-73.415925, 43.589644], [-73.374968, 43.804152], [-73.426131, 44.074855], [-73.38112, 44.187432], [-73.320915, 44.268874], [-73.309753, 44.45964], [-73.372078, 44.597332], [-73.348568, 44.775299], [-73.365805, 44.860366], [-73.345052, 44.938864], [-73.352182, 45.005419]]]}}, {"type": "Feature", "id": "virginia", "properties": {"preset_id": "virginia", "name": "Virginia", "postal": "VA", "kind": "state", "display_name": "Virginia (U.S. state)"}, "geometry": {"type": "MultiPolygon", "coordinates": [[[[-77.1903, 38.969047], [-77.053048, 38.915302], [-77.030361, 38.889253], [-77.045599, 38.775797], [-77.091906, 38.719547], [-77.260393, 38.599994], [-77.313698, 38.396626], [-77.273258, 38.351769], [-77.231916, 38.340035], [-77.109913, 38.370138], [-77.046764, 38.35668], [-76.906336, 38.197048], [-76.644873, 38.133954], [-76.549511, 38.094502], [-76.471761, 38.011171], [-76.354944, 37.963215], [-76.264284, 37.893551], [-76.261801, 37.848079], [-76.293222, 37.794333], [-76.305626, 37.721571], [-76.344144, 37.675681], [-76.492481, 37.682218], [-76.828641, 37.961512], [-76.939977, 38.095458], [-77.070637, 38.167209], [-77.1111, 38.165682], [-76.925123, 38.033022], [-76.715416, 37.810176], [-76.619835, 37.75509], [-76.549457, 37.669144], [-76.484055, 37.628868], [-76.305571, 37.571509], [-76.367633, 37.530288], [-76.268569, 37.495154], [-76.254408, 37.430631], [-76.263482, 37.357023], [-76.400987, 37.386147], [-76.393132, 37.299949], [-76.45393, 37.273538], [-76.538393, 37.309353], [-76.757691, 37.505437], [-76.738103, 37.44877], [-76.610903, 37.322581], [-76.497392, 37.246874], [-76.401119, 37.212695], [-76.326939, 37.14926], [-76.283302, 37.052679], [-76.400888, 36.991332], [-76.602301, 37.142844], [-76.630898, 37.221704], [-76.703507, 37.217672], [-77.006971, 37.31767], [-77.25089, 37.329194], [-77.196211, 37.295708], [-77.001961, 37.271055], [-76.925167, 37.225011], [-76.671855, 37.172947], [-76.633919, 37.047428], [-76.504632, 36.96102], [-76.487856, 36.897025], [-76.399548, 36.88984], [-76.244256, 36.952627], [-75.999415, 36.912659], [-75.966335, 36.861957], [-75.857428, 36.550582], [-81.641631, 36.595077], [-81.65889, 36.610579], [-81.905336, 36.618544], [-81.952511, 36.598021], [-83.667521, 36.60503], [-83.566183, 36.652623], [-83.41689, 36.681012], [-83.150218, 36.762333], [-83.043816, 36.845554], [-82.894501, 36.906374], [-82.832021, 36.979269], [-82.731892, 37.048076], [-82.681586, 37.13812], [-82.343207, 37.296927], [-81.965277, 37.539725], [-81.957707, 37.507634], [-81.971396, 37.47306], [-81.87564, 37.329612], [-81.660769, 37.221759], [-81.589017, 37.20807], [-81.419366, 37.282272], [-81.350043, 37.333688], [-81.227128, 37.263276], [-81.178118, 37.263331], [-80.915369, 37.311363], [-80.873071, 37.34062], [-80.871852, 37.399419], [-80.843485, 37.421721], [-80.719845, 37.401023], [-80.507402, 37.469061], [-80.464512, 37.432729], [-80.371183, 37.472599], [-80.316075, 37.5097], [-80.245818, 37.620782], [-80.285303, 37.677054], [-80.245928, 37.751025], [-79.971731, 38.046151], [-79.902693, 38.180745], [-79.812879, 38.267042], [-79.783447, 38.336036], [-79.715255, 38.404042], [-79.668651, 38.54426], [-79.639603, 38.572451], [-79.597745, 38.577131], [-79.555272, 38.559377], [-79.504834, 38.49135], [-79.395871, 38.454392], [-79.304169, 38.449899], [-79.240272, 38.476519], [-79.041189, 38.789673], [-78.991992, 38.819699], [-78.868725, 38.817941], [-78.756786, 38.908215], [-78.692757, 38.921652], [-78.581477, 38.999017], [-78.435238, 39.160758], [-78.35105, 39.410928], [-78.322221, 39.451852], [-77.835791, 39.145212], [-77.726642, 39.346438], [-77.668821, 39.309535], [-77.53415, 39.265612], [-77.478856, 39.220864], [-77.506454, 39.14262], [-77.480921, 39.112957], [-77.301086, 39.053378], [-77.1903, 38.969047]]], [[[-75.659256, 37.953965], [-75.620002, 37.999207], [-75.375963, 38.024991], [-75.59636, 37.631187], [-75.587109, 37.558721], [-75.69884, 37.516368], [-75.812054, 37.425215], [-75.854, 37.296642], [-75.934376, 37.151897], [-75.984507, 37.212201], [-75.997372, 37.263826], [-75.975047, 37.398441], [-75.888156, 37.619156], [-75.792367, 37.756354], [-75.719351, 37.821382], [-75.659256, 37.953965]]], [[[-75.252476, 38.03745], [-75.225791, 38.040339], [-75.33305, 37.888278], [-75.378545, 37.872051], [-75.252476, 38.03745]]]]}}, {"type": "Feature", "id": "washington", "properties": {"preset_id": "washington", "name": "Washington", "postal": "WA", "kind": "state", "display_name": "Washington (U.S. state)"}, "geometry": {"type": "MultiPolygon", "coordinates": [[[[-122.788777, 48.993028], [-117.039054, 48.993083], [-117.025046, 46.429159], [-117.038999, 46.396552], [-116.942962, 46.232108], [-116.92211, 46.163642], [-116.947845, 46.124322], [-116.930196, 46.055954], [-116.896479, 46.002099], [-119.01968, 46.000341], [-119.177345, 45.94508], [-119.429113, 45.93417], [-119.934276, 45.837875], [-120.156046, 45.762168], [-120.351432, 45.725166], [-121.045241, 45.639044], [-121.184278, 45.64378], [-121.242698, 45.687033], [-121.402121, 45.71184], [-121.662519, 45.718135], [-121.882014, 45.689461], [-122.085124, 45.602647], [-122.202535, 45.591067], [-122.649849, 45.627443], [-122.725913, 45.67375], [-122.843373, 45.978094], [-122.941997, 46.114862], [-123.042275, 46.160027], [-123.120904, 46.178781], [-123.220589, 46.153622], [-123.298696, 46.170849], [-123.404736, 46.221001], [-123.464859, 46.271099], [-123.65033, 46.267715], [-123.688365, 46.299861], [-123.895715, 46.26777], [-123.959743, 46.30074], [-124.07276, 46.279449], [-124.045135, 46.372876], [-124.04436, 46.605061], [-124.016405, 46.521368], [-123.946126, 46.432565], [-123.889151, 46.660015], [-123.957727, 46.708695], [-124.0717, 46.744796], [-124.112547, 46.862669], [-123.842876, 46.963183], [-123.986017, 46.984496], [-124.042218, 47.029683], [-124.111695, 47.035187], [-124.139238, 46.954701], [-124.19885, 47.20854], [-124.309279, 47.404602], [-124.376021, 47.658639], [-124.460044, 47.784213], [-124.621071, 47.904129], [-124.663083, 47.974123], [-124.701661, 48.15164], [-124.67998, 48.285893], [-124.709978, 48.380375], [-124.632618, 48.375036], [-124.429041, 48.300768], [-124.175515, 48.242431], [-124.098775, 48.200002], [-123.975761, 48.168482], [-123.294433, 48.119549], [-123.161883, 48.154551], [-123.124392, 48.150915], [-123.024219, 48.081613], [-122.973885, 48.073296], [-122.860891, 48.090039], [-122.778598, 48.137577], [-122.739739, 48.013245], [-122.656644, 47.881134], [-122.778444, 47.738433], [-122.801773, 47.735335], [-122.805366, 47.783642], [-122.821384, 47.793156], [-123.050647, 47.551929], [-123.131034, 47.437726], [-123.139043, 47.386101], [-123.136356, 47.355823], [-123.10421, 47.348374], [-123.03091, 47.360185], [-122.922156, 47.407646], [-122.916883, 47.417984], [-123.066775, 47.399637], [-123.060133, 47.453645], [-122.98246, 47.559367], [-122.814051, 47.65854], [-122.757152, 47.70053], [-122.717876, 47.762098], [-122.608145, 47.835475], [-122.587913, 47.855943], [-122.585716, 47.927881], [-122.532801, 47.919707], [-122.510811, 47.815733], [-122.523913, 47.769338], [-122.630183, 47.692796], [-122.613621, 47.615617], [-122.67548, 47.612343], [-122.585821, 47.528418], [-122.557448, 47.463203], [-122.553548, 47.40491], [-122.577888, 47.29319], [-122.603904, 47.274612], [-122.648657, 47.281457], [-122.707697, 47.316393], [-122.767798, 47.218362], [-122.7833, 47.225954], [-122.812551, 47.328951], [-122.828465, 47.336597], [-122.919519, 47.289674], [-122.987629, 47.172571], [-123.027575, 47.138909], [-122.914147, 47.131493], [-122.811958, 47.146006], [-122.701935, 47.110872], [-122.60414, 47.167023], [-122.542177, 47.275568], [-122.420119, 47.312098], [-122.353817, 47.371578], [-122.375262, 47.528363], [-122.368341, 47.603916], [-122.410506, 47.652652], [-122.383634, 47.716471], [-122.38198, 47.752331], [-122.401827, 47.784268], [-122.318474, 47.933045], [-122.242014, 48.010762], [-122.415802, 48.183929], [-122.424695, 48.17592], [-122.394774, 48.084151], [-122.494019, 48.130447], [-122.517013, 48.159649], [-122.529159, 48.199331], [-122.52032, 48.229093], [-122.467042, 48.258504], [-122.403376, 48.269194], [-122.408545, 48.293902], [-122.541661, 48.41095], [-122.63778, 48.433318], [-122.668993, 48.465256], [-122.657265, 48.490008], [-122.627964, 48.497918], [-122.542694, 48.487975], [-122.496754, 48.505542], [-122.514816, 48.555146], [-122.512723, 48.669436], [-122.562024, 48.777981], [-122.653024, 48.763875], [-122.685944, 48.794285], [-122.788777, 48.993028]]], [[[-123.086435, 48.993028], [-123.049202, 48.993028], [-123.063259, 48.977735], [-123.086435, 48.993028]]], [[[-122.782141, 48.672688], [-122.768831, 48.650979], [-122.837611, 48.626546], [-122.903034, 48.664679], [-122.892542, 48.594499], [-122.985668, 48.6267], [-123.002851, 48.652199], [-122.976676, 48.679148], [-122.897711, 48.710361], [-122.782141, 48.672688]]], [[[-123.024164, 48.538479], [-122.98675, 48.468002], [-123.139922, 48.507948], [-123.169585, 48.586698], [-123.162141, 48.606386], [-123.114186, 48.613263], [-123.024164, 48.538479]]], [[[-122.814616, 48.452336], [-122.836578, 48.421541], [-122.890037, 48.43467], [-122.921612, 48.456939], [-122.932285, 48.484745], [-122.912235, 48.537963], [-122.868905, 48.548609], [-122.861902, 48.501851], [-122.814616, 48.452336]]], [[[-122.597625, 48.200419], [-122.523836, 48.02544], [-122.502852, 48.080064], [-122.366737, 47.985439], [-122.366583, 47.938835], [-122.383145, 47.923201], [-122.41144, 47.917752], [-122.492261, 47.981308], [-122.557525, 47.99247], [-122.603184, 48.055048], [-122.60631, 48.12859], [-122.622663, 48.151431], [-122.690388, 48.173854], [-122.741519, 48.22527], [-122.748704, 48.239025], [-122.724517, 48.280927], [-122.628634, 48.384231], [-122.60352, 48.380617], [-122.535564, 48.321214], [-122.542436, 48.294001], [-122.697002, 48.228687], [-122.597625, 48.200419]]], [[[-122.507867, 47.682644], [-122.502649, 47.57544], [-122.575922, 47.619473], [-122.573752, 47.666857], [-122.549774, 47.703958], [-122.507867, 47.682644]]], [[[-122.394126, 47.395242], [-122.398723, 47.372511], [-122.437121, 47.354812], [-122.456962, 47.359328], [-122.468542, 47.390232], [-122.509932, 47.357987], [-122.486471, 47.48878], [-122.468591, 47.489966], [-122.394126, 47.395242]]], [[[-122.85309, 47.204717], [-122.876733, 47.186117], [-122.907973, 47.226108], [-122.9119, 47.25432], [-122.885105, 47.274711], [-122.85309, 47.204717]]]]}}, {"type": "Feature", "id": "west virginia", "properties": {"preset_id": "west virginia", "name": "West Virginia", "postal": "WV", "kind": "state", "display_name": "West Virginia (U.S. state)"}, "geometry": {"type": "Polygon", "coordinates": [[[-81.965277, 37.539725], [-82.103463, 37.570575], [-82.280244, 37.687184], [-82.47189, 37.938408], [-82.482195, 37.983551], [-82.588773, 38.099742], [-82.617711, 38.149873], [-82.619546, 38.182008], [-82.578413, 38.272085], [-82.589498, 38.420345], [-82.612778, 38.448218], [-82.497543, 38.414973], [-82.387064, 38.43399], [-82.318147, 38.479672], [-82.290868, 38.552017], [-82.252317, 38.594083], [-82.202494, 38.605839], [-82.180071, 38.637589], [-82.203527, 38.768228], [-82.072273, 38.962949], [-82.001092, 39.011102], [-81.949797, 38.989327], [-81.896678, 38.893549], [-81.843757, 38.934319], [-81.780124, 38.946975], [-81.802602, 39.086062], [-81.770665, 39.098828], [-81.700594, 39.229467], [-81.657209, 39.271973], [-81.606464, 39.274137], [-81.551631, 39.308041], [-81.492722, 39.373618], [-81.439647, 39.392559], [-81.392417, 39.364829], [-81.333354, 39.362819], [-81.262504, 39.386538], [-80.963291, 39.57113], [-80.874313, 39.664294], [-80.872192, 39.735508], [-80.601819, 40.363893], [-80.604093, 40.445203], [-80.623187, 40.51156], [-80.659047, 40.562976], [-80.637524, 40.603263], [-80.519081, 40.646956], [-80.519443, 39.722511], [-79.4775, 39.722797], [-79.487981, 39.210911], [-79.293556, 39.311578], [-79.075345, 39.475989], [-78.971481, 39.453643], [-78.814794, 39.570087], [-78.77777, 39.626622], [-78.746459, 39.613702], [-78.753402, 39.589522], [-78.741669, 39.577898], [-78.677673, 39.54952], [-78.495542, 39.533348], [-78.460265, 39.556134], [-78.442698, 39.601464], [-78.406761, 39.627864], [-78.181135, 39.68574], [-78.097782, 39.677885], [-78.027195, 39.631226], [-77.855423, 39.599706], [-77.872167, 39.575778], [-77.779585, 39.488337], [-77.797438, 39.461465], [-77.791703, 39.441777], [-77.762358, 39.429242], [-77.726642, 39.346438], [-77.835791, 39.145212], [-78.322221, 39.451852], [-78.35105, 39.410928], [-78.435238, 39.160758], [-78.581477, 38.999017], [-78.692757, 38.921652], [-78.756786, 38.908215], [-78.868725, 38.817941], [-78.991992, 38.819699], [-79.041189, 38.789673], [-79.240272, 38.476519], [-79.304169, 38.449899], [-79.395871, 38.454392], [-79.504834, 38.49135], [-79.555272, 38.559377], [-79.597745, 38.577131], [-79.639603, 38.572451], [-79.668651, 38.54426], [-79.715255, 38.404042], [-79.783447, 38.336036], [-79.812879, 38.267042], [-79.902693, 38.180745], [-79.971731, 38.046151], [-80.245928, 37.751025], [-80.285303, 37.677054], [-80.245818, 37.620782], [-80.316075, 37.5097], [-80.371183, 37.472599], [-80.464512, 37.432729], [-80.507402, 37.469061], [-80.719845, 37.401023], [-80.843485, 37.421721], [-80.871852, 37.399419], [-80.873071, 37.34062], [-80.915369, 37.311363], [-81.178118, 37.263331], [-81.227128, 37.263276], [-81.350043, 37.333688], [-81.419366, 37.282272], [-81.589017, 37.20807], [-81.660769, 37.221759], [-81.87564, 37.329612], [-81.971396, 37.47306], [-81.957707, 37.507634], [-81.965277, 37.539725]]]}}, {"type": "Feature", "id": "wisconsin", "properties": {"preset_id": "wisconsin", "name": "Wisconsin", "postal": "WI", "kind": "state", "display_name": "Wisconsin (U.S. state)"}, "geometry": {"type": "Polygon", "coordinates": [[[-90.650585, 42.512984], [-90.687873, 42.610322], [-90.788749, 42.676933], [-90.959949, 42.72034], [-91.069582, 42.788554], [-91.117592, 42.881652], [-91.161328, 43.102334], [-91.147585, 43.199585], [-91.106968, 43.278028], [-91.117196, 43.331157], [-91.178357, 43.358931], [-91.218688, 43.395285], [-91.238277, 43.440241], [-91.278432, 43.797428], [-91.319916, 43.936284], [-91.382692, 43.990799], [-91.716435, 44.126458], [-91.840976, 44.194156], [-91.912299, 44.288869], [-92.055121, 44.39982], [-92.148582, 44.445248], [-92.240307, 44.462145], [-92.313091, 44.497796], [-92.366941, 44.552266], [-92.441587, 44.586576], [-92.537031, 44.600792], [-92.643538, 44.645342], [-92.769809, 44.72585], [-92.799214, 44.790032], [-92.763404, 44.934261], [-92.79304, 45.071359], [-92.759059, 45.11058], [-92.76614, 45.236461], [-92.685808, 45.380536], [-92.682605, 45.433095], [-92.707022, 45.493761], [-92.757461, 45.543244], [-92.892488, 45.594759], [-92.89652, 45.658578], [-92.874712, 45.706094], [-92.786448, 45.795501], [-92.738081, 45.874668], [-92.693949, 45.909012], [-92.424613, 46.027807], [-92.367276, 46.035981], [-92.292629, 46.084375], [-92.291646, 46.660718], [-92.224003, 46.671023], [-92.125346, 46.763012], [-91.964923, 46.729778], [-91.468363, 46.925093], [-90.654024, 47.309098], [-89.957677, 47.287137], [-90.412588, 46.585275], [-90.39234, 46.548965], [-90.34088, 46.558446], [-90.318227, 46.536639], [-90.23038, 46.509766], [-90.11855, 46.341664], [-89.119289, 46.149195], [-88.837335, 46.036618], [-88.492991, 46.013524], [-88.151745, 45.945409], [-88.104415, 45.905155], [-88.096483, 45.878415], [-88.116116, 45.815804], [-87.922537, 45.759971], [-87.809081, 45.686044], [-87.794557, 45.596033], [-87.814662, 45.563239], [-87.815178, 45.505824], [-87.859135, 45.445498], [-87.874911, 45.385392], [-87.84182, 45.360794], [-87.696394, 45.382832], [-87.664226, 45.371286], [-87.66271, 45.345193], [-87.720916, 45.242768], [-87.71885, 45.201272], [-87.653613, 45.121797], [-87.45954, 45.067997], [-87.419802, 45.183859], [-87.244384, 45.289789], [-87.115272, 45.452365], [-86.77429, 45.452365], [-86.264524, 45.226903], [-86.535952, 45.041487], [-86.7147, 44.846205], [-87.03249, 44.091466], [-87.141727, 43.657803], [-87.15501, 43.326763], [-87.039126, 42.492802], [-90.650585, 42.512984]]]}}, {"type": "Feature", "id": "wyoming", "properties": {"preset_id": "wyoming", "name": "Wyoming", "postal": "WY", "kind": "state", "display_name": "Wyoming (U.S. state)"}, "geometry": {"type": "Polygon", "coordinates": [[[-104.021655, 41.000858], [-111.049989, 41.000858], [-111.050862, 45.001057], [-104.037212, 45.001134], [-104.021655, 41.000858]]]}}]}